run,itr,loss,acc_a,acc_v,acc_n,rec_a,rec_v,rec_n,log_src
kvmatch112,0,8.5625,0.0,50.0,50.0,100.0,50.0,100.0,kvmatch_18446672.out
kvmatch112,10,17.75,9.1,59.1,22.7,21.4,45.5,21.1,kvmatch_18446672.out
kvmatch112,20,14.375,11.9,50.0,31.0,17.9,35.8,34.1,kvmatch_18446672.out
kvmatch112,30,11.8125,12.9,46.8,32.3,20.9,32.9,42.0,kvmatch_18446672.out
kvmatch112,40,12.0,14.6,43.9,37.8,18.5,30.0,40.2,kvmatch_18446672.out
kvmatch112,50,14.1875,13.7,44.1,36.3,17.6,28.5,33.8,kvmatch_18446672.out
kvmatch112,60,14.125,14.8,41.8,34.4,16.1,28.7,32.4,kvmatch_18446672.out
kvmatch112,70,12.0,14.8,44.4,34.5,14.1,31.0,33.0,kvmatch_18446672.out
kvmatch112,80,8.875,14.8,46.9,35.2,13.6,28.5,30.5,kvmatch_18446672.out
kvmatch112,90,10.4375,15.9,47.8,36.3,14.6,25.7,30.6,kvmatch_18446672.out
kvmatch112,100,14.0,15.3,47.0,35.6,13.7,24.9,29.0,kvmatch_18446672.out
kvmatch112,110,11.75,16.7,49.1,36.9,13.3,24.7,27.4,kvmatch_18446672.out
kvmatch112,120,9.8125,17.4,51.2,36.8,13.5,27.7,29.3,kvmatch_18446672.out
kvmatch112,130,11.0,17.6,51.5,36.6,14.0,26.7,29.6,kvmatch_18446672.out
kvmatch112,140,10.25,17.4,52.1,36.9,13.4,26.6,28.0,kvmatch_18446672.out
kvmatch112,150,13.75,18.2,52.6,37.1,14.1,27.9,27.9,kvmatch_18446672.out
kvmatch112,160,11.0625,18.0,53.4,37.9,14.6,27.3,28.5,kvmatch_18446672.out
kvmatch112,170,7.125,19.0,53.5,38.6,14.4,26.4,29.6,kvmatch_18446672.out
kvmatch112,180,20.25,19.6,53.3,39.0,14.3,26.1,29.7,kvmatch_18446672.out
kvmatch112,190,11.125,18.8,53.4,38.5,13.4,26.6,29.8,kvmatch_18446672.out
kvmatch112,200,12.3125,18.4,54.2,37.6,12.6,26.6,27.9,kvmatch_18446672.out
kvmatch112,210,11.375,18.0,54.0,36.7,12.1,25.1,27.1,kvmatch_18446672.out
kvmatch112,220,17.25,17.2,53.6,36.2,11.4,24.0,26.5,kvmatch_18446672.out
kvmatch112,230,13.875,17.3,53.7,36.6,11.5,23.4,26.7,kvmatch_18446672.out
kvmatch112,240,15.5,17.0,52.9,35.5,11.0,22.6,26.5,kvmatch_18446672.out
kvmatch112,250,16.5,0.0,50.0,0.0,0.0,50.0,0.0,kvmatch_18460373.out
kvmatch112,260,15.6875,18.2,45.5,27.3,20.0,38.3,31.5,kvmatch_18460373.out
kvmatch112,270,9.0,16.7,52.4,31.0,20.7,33.8,32.5,kvmatch_18460373.out
kvmatch112,280,9.75,16.1,48.4,33.9,19.8,33.7,30.1,kvmatch_18460373.out
kvmatch112,290,10.0,17.1,50.0,37.8,19.8,33.0,32.3,kvmatch_18460373.out
kvmatch112,300,15.25,15.7,49.0,39.2,19.4,36.4,34.3,kvmatch_18460373.out
kvmatch112,310,12.25,17.2,47.5,41.0,20.9,31.8,37.2,kvmatch_18460373.out
kvmatch112,320,13.0,17.6,47.2,40.8,21.1,30.0,36.0,kvmatch_18460373.out
kvmatch112,330,12.0625,18.5,48.8,42.0,20.0,30.6,36.5,kvmatch_18460373.out
kvmatch112,340,9.5,19.2,48.4,40.7,18.9,29.2,33.2,kvmatch_18460373.out
kvmatch112,350,17.0,18.3,49.0,38.6,18.5,28.2,32.1,kvmatch_18460373.out
kvmatch112,360,11.75,17.1,50.0,36.9,17.2,27.7,30.3,kvmatch_18460373.out
kvmatch112,370,10.0,17.4,50.4,36.4,18.1,27.9,29.4,kvmatch_18460373.out
kvmatch112,380,9.6875,16.4,50.4,35.1,17.1,25.0,28.4,kvmatch_18460373.out
kvmatch112,390,11.1875,17.0,49.3,34.8,17.2,23.7,28.7,kvmatch_18460373.out
kvmatch112,400,10.9375,17.2,49.7,35.1,17.4,22.8,28.4,kvmatch_18460373.out
kvmatch112,410,17.0,17.1,49.7,33.9,16.6,21.8,28.0,kvmatch_18460373.out
kvmatch112,420,9.625,17.0,49.7,34.2,16.6,22.7,27.5,kvmatch_18460373.out
kvmatch112,430,7.4062,17.4,49.4,34.0,15.8,21.6,26.9,kvmatch_18460373.out
kvmatch112,440,6.1562,17.8,50.0,34.6,15.3,21.4,26.8,kvmatch_18460373.out
kvmatch112,450,9.6875,18.2,50.7,35.1,14.8,22.9,27.3,kvmatch_18460373.out
kvmatch112,460,16.0,18.2,50.9,34.8,14.8,22.7,26.6,kvmatch_18460373.out
kvmatch112,470,9.9375,18.1,51.1,34.8,14.6,22.5,26.5,kvmatch_18460373.out
kvmatch112,480,10.5,18.6,50.9,34.8,14.9,24.9,25.7,kvmatch_18460373.out
kvmatch112,490,16.25,18.0,50.8,35.5,13.8,24.9,26.6,kvmatch_18460373.out
kvmatch112,500,4.25,18.1,50.8,35.9,13.5,25.0,26.7,kvmatch_18460373.out
kvmatch112,510,11.25,18.4,50.2,35.8,12.9,24.1,26.1,kvmatch_18460373.out
kvrope112,0,9.0,0.0,50.0,50.0,100.0,50.0,50.0,kvmatch_18469031.out
kvrope112,10,17.0,9.1,54.5,22.7,16.7,43.2,17.8,kvmatch_18469031.out
kvrope112,20,14.3125,9.5,47.6,28.6,17.9,34.7,32.5,kvmatch_18469031.out
kvrope112,30,11.5,11.3,46.8,32.3,20.9,30.1,37.2,kvmatch_18469031.out
kvrope112,40,11.9375,14.6,45.1,36.6,19.3,27.8,36.1,kvmatch_18469031.out
kvrope112,50,14.0,14.7,45.1,37.3,18.2,27.6,32.2,kvmatch_18469031.out
kvrope112,60,14.0625,15.6,44.3,36.9,16.7,29.6,30.7,kvmatch_18469031.out
kvrope112,70,12.125,15.5,46.5,37.3,15.0,31.2,31.6,kvmatch_18469031.out
kvrope112,80,8.4375,16.7,48.8,36.4,14.7,28.5,29.6,kvmatch_18469031.out
kvrope112,90,10.75,18.1,49.5,37.4,15.4,25.8,29.7,kvmatch_18469031.out
kvrope112,100,13.375,17.8,48.5,37.1,14.8,24.9,28.8,kvmatch_18469031.out
kvrope112,110,11.75,18.9,50.5,38.7,14.3,24.8,27.2,kvmatch_18469031.out
kvrope112,120,9.375,19.4,52.9,38.0,15.1,27.7,27.3,kvmatch_18469031.out
kvrope112,130,10.625,20.2,53.1,37.8,15.4,26.8,28.9,kvmatch_18469031.out
kvrope112,140,9.875,19.9,53.5,37.9,14.6,26.7,27.3,kvmatch_18469031.out
kvrope112,150,13.0,20.2,54.3,38.1,15.2,28.3,27.1,kvmatch_18469031.out
kvrope112,160,11.0625,19.9,55.3,38.8,14.5,27.6,27.8,kvmatch_18469031.out
kvrope112,170,7.2812,21.1,55.3,39.5,14.5,26.7,29.1,kvmatch_18469031.out
kvrope112,180,19.25,21.5,55.0,39.8,14.3,28.6,29.1,kvmatch_18469031.out
kvrope112,190,12.375,20.7,55.0,39.3,13.4,29.0,28.8,kvmatch_18469031.out
kvrope112,200,12.0,20.4,55.7,38.3,12.6,29.0,27.0,kvmatch_18469031.out
kvrope112,210,10.875,20.1,55.2,37.4,11.9,26.4,26.2,kvmatch_18469031.out
kvrope112,220,16.5,19.2,54.8,36.9,11.5,25.0,25.7,kvmatch_18469031.out
kvrope112,230,13.6875,19.5,54.5,37.4,11.7,24.7,25.8,kvmatch_18469031.out
