global_step,epoch,iter,loss,avg_loss,valid,wall_sec
1,0,0,16.937500,16.937500,1,19.0
2,0,1,16.343750,16.640625,1,22.0
3,0,2,16.531250,16.604167,1,29.1
4,0,3,16.781250,16.648438,1,32.0
5,0,4,16.468750,16.612500,1,40.4
6,0,5,16.562500,16.604167,1,43.3
7,0,6,16.343750,16.566964,1,50.8
8,0,7,15.656250,16.453125,1,53.8
9,0,8,14.718750,16.260417,1,62.1
10,0,9,16.500000,16.284375,1,64.9
11,0,10,17.062500,16.355114,1,72.1
12,0,11,13.546875,16.121094,1,74.9
13,0,12,14.953125,16.031250,1,82.6
14,0,13,16.218750,16.044643,1,85.5
15,0,14,14.656250,15.952083,1,93.6
16,0,15,17.281250,16.035156,1,96.2
17,0,16,14.078125,15.920037,1,103.0
18,0,17,14.781250,15.856771,1,105.7
19,0,18,16.140625,15.871711,1,114.5
20,0,19,16.015625,15.878906,1,117.2
21,0,20,16.031250,15.886161,1,124.4
22,0,21,17.187500,15.945312,1,128.0
23,0,22,17.093750,15.995245,1,135.5
24,0,23,16.343750,16.009766,1,138.3
25,0,24,13.671875,15.916250,1,145.8
26,0,25,12.875000,15.799279,1,149.2
27,0,26,16.718750,15.833333,1,154.9
28,0,27,15.406250,15.818080,1,157.6
29,0,28,13.023438,15.721713,1,164.2
30,0,29,16.343750,15.742448,1,166.8
31,0,30,16.937500,15.780998,1,172.9
32,0,31,14.046875,15.726807,1,175.6
33,0,32,13.867188,15.670455,1,182.5
34,0,33,11.796875,15.556526,1,185.4
35,0,34,18.250000,15.633482,1,193.4
36,0,35,16.843750,15.667101,1,196.8
37,0,36,15.171875,15.653716,1,202.7
38,0,37,13.843750,15.606086,1,206.6
39,0,38,14.984375,15.590144,1,214.2
40,0,39,13.703125,15.542969,1,217.5
41,0,40,16.625000,15.569360,1,224.4
42,0,41,17.968750,15.626488,1,228.9
43,0,42,14.148438,15.592115,1,235.7
44,0,43,14.781250,15.573686,1,240.8
45,0,44,14.718750,15.554688,1,246.8
46,0,45,17.906250,15.605808,1,250.0
47,0,46,14.515625,15.582613,1,256.7
48,0,47,16.078125,15.592936,1,259.9
49,0,48,13.664062,15.553571,1,267.4
50,0,49,16.500000,15.572500,1,270.1
51,0,50,16.281250,15.586397,1,277.0
52,0,51,13.437500,15.545072,1,279.7
53,0,52,17.937500,15.590212,1,287.2
54,0,53,14.265625,15.565683,1,289.8
55,0,54,13.875000,15.534943,1,298.2
56,0,55,14.593750,15.518136,1,300.9
57,0,56,15.000000,15.509046,1,309.1
58,0,57,13.492188,15.474273,1,311.8
59,0,58,13.484375,15.440546,1,319.5
60,0,59,15.593750,15.443099,1,322.1
61,0,60,10.710938,15.365523,1,330.2
62,0,61,15.343750,15.365171,1,332.8
63,0,62,15.812500,15.372272,1,339.6
64,0,63,12.882812,15.333374,1,342.3
65,0,64,14.593750,15.321995,1,349.0
66,0,65,15.531250,15.325166,1,351.6
67,0,66,11.960938,15.274953,1,355.4
68,0,67,15.781250,15.282399,1,358.1
69,0,68,15.140625,15.280344,1,364.2
70,0,69,18.125000,15.320982,1,367.0
71,0,70,17.593750,15.352993,1,373.7
72,0,71,15.687500,15.357639,1,376.7
73,0,72,17.593750,15.388271,1,385.6
74,0,73,11.976562,15.342166,1,388.8
75,0,74,13.726562,15.320625,1,396.3
76,0,75,12.187500,15.279400,1,399.6
77,0,76,12.671875,15.245536,1,406.4
78,0,77,17.375000,15.272837,1,410.7
79,0,78,18.406250,15.312500,1,417.1
80,0,79,11.921875,15.270117,1,420.2
81,0,80,16.437500,15.284529,1,428.4
82,0,81,13.203125,15.259146,1,431.1
83,0,82,12.718750,15.228539,1,438.1
84,0,83,12.007812,15.190197,1,440.7
85,0,84,12.179688,15.154779,1,448.4
86,0,85,13.562500,15.136265,1,451.1
87,0,86,14.375000,15.127514,1,458.6
88,0,87,15.718750,15.134233,1,461.3
89,0,88,10.687500,15.084270,1,470.9
90,0,89,10.515625,15.033507,1,473.9
91,0,90,17.062500,15.055804,1,483.3
92,0,91,15.296875,15.058424,1,486.4
93,0,92,14.390625,15.051243,1,493.9
94,0,93,11.742188,15.016041,1,497.0
95,0,94,16.906250,15.035937,1,506.1
96,0,95,13.359375,15.018473,1,509.1
97,0,96,11.992188,14.987274,1,518.8
98,0,97,14.656250,14.983897,1,521.8
99,0,98,17.640625,15.010732,1,529.1
100,0,99,17.375000,15.034375,1,532.2
101,0,100,10.968750,14.994121,1,542.7
102,0,101,14.703125,14.991268,1,545.3
103,0,102,15.406250,14.995297,1,554.4
104,0,103,14.484375,14.990385,1,557.2
105,0,104,14.937500,14.989881,1,563.2
106,0,105,10.539062,14.947892,1,565.8
107,0,106,13.312500,14.932608,1,572.1
108,0,107,15.750000,14.940177,1,574.7
109,0,108,11.851562,14.911841,1,583.5
110,0,109,11.687500,14.882528,1,586.7
111,0,110,14.328125,14.877534,1,594.8
112,0,111,16.875000,14.895368,1,598.1
113,0,112,14.812500,14.894635,1,607.2
114,0,113,11.625000,14.865954,1,610.5
115,0,114,14.375000,14.861685,1,618.8
116,0,115,11.468750,14.832435,1,622.2
117,0,116,15.656250,14.839476,1,630.5
118,0,117,10.757812,14.804886,1,633.3
119,0,118,15.437500,14.810202,1,642.0
120,0,119,10.351562,14.773047,1,645.3
121,0,120,14.625000,14.771823,1,653.4
122,0,121,15.468750,14.777536,1,656.7
123,0,122,16.718750,14.793318,1,664.5
124,0,123,16.343750,14.805822,1,667.3
125,0,124,10.203125,14.769000,1,674.4
126,0,125,13.250000,14.756944,1,677.8
127,0,126,12.468750,14.738927,1,684.0
128,0,127,17.718750,14.762207,1,686.8
129,0,128,9.734375,14.723232,1,692.1
130,0,129,13.875000,14.716707,1,695.5
131,0,130,12.953125,14.703244,1,705.3
132,0,131,7.742188,14.650509,1,708.7
133,0,132,16.593750,14.665120,1,715.2
134,0,133,18.000000,14.690007,1,718.6
135,0,134,15.171875,14.693576,1,725.9
136,0,135,8.843750,14.650563,1,728.7
137,0,136,14.781250,14.651517,1,737.1
138,0,137,17.281250,14.670573,1,740.4
139,0,138,17.187500,14.688680,1,747.0
140,0,139,15.734375,14.696150,1,750.5
141,0,140,19.656250,14.731328,1,758.3
142,0,141,16.742188,14.745489,1,761.7
143,0,142,18.718750,14.773274,1,769.0
144,0,143,10.898438,14.746365,1,772.4
145,0,144,18.500000,14.772252,1,779.8
146,0,145,14.937500,14.773384,1,783.2
147,0,146,15.578125,14.778858,1,790.6
148,0,147,21.437500,14.823849,1,793.9
149,0,148,12.601562,14.808935,1,802.2
150,0,149,16.906250,14.822917,1,805.7
151,0,150,15.875000,14.829884,1,813.6
152,0,151,11.187500,14.805921,1,816.2
153,0,152,10.117188,14.775276,1,824.1
154,0,153,18.718750,14.800883,1,827.2
155,0,154,17.218750,14.816482,1,835.5
156,0,155,17.875000,14.836088,1,838.6
157,0,156,17.500000,14.853055,1,846.6
158,0,157,11.078125,14.829163,1,849.6
159,0,158,14.406250,14.826504,1,858.2
160,0,159,13.265625,14.816748,1,861.0
161,0,160,13.296875,14.807308,1,869.3
162,0,161,16.843750,14.819878,1,872.3
163,0,162,11.140625,14.797306,1,882.3
164,0,163,9.546875,14.765292,1,885.4
165,0,164,19.531250,14.794176,1,895.4
166,0,165,12.234375,14.778756,1,898.4
167,0,166,15.609375,14.783729,1,906.3
168,0,167,17.875000,14.802130,1,909.4
169,0,168,17.562500,14.818463,1,917.1
170,0,169,17.062500,14.831664,1,920.2
171,0,170,13.093750,14.821500,1,927.5
172,0,171,11.687500,14.803279,1,930.5
173,0,172,11.562500,14.784547,1,938.9
174,0,173,12.867188,14.773527,1,941.9
175,0,174,9.968750,14.746071,1,950.9
176,0,175,18.781250,14.768999,1,953.9
177,0,176,15.093750,14.770833,1,962.4
178,0,177,10.156250,14.744909,1,965.5
179,0,178,10.640625,14.721980,1,973.3
180,0,179,12.062500,14.707205,1,975.9
181,0,180,17.812500,14.724361,1,982.9
182,0,181,9.570312,14.696042,1,985.7
183,0,182,13.375000,14.688823,1,992.8
184,0,183,15.671875,14.694166,1,996.0
185,0,184,11.062500,14.674535,1,1005.3
186,0,185,14.343750,14.672757,1,1008.6
187,0,186,13.125000,14.664480,1,1016.8
188,0,187,11.984375,14.650224,1,1020.1
189,0,188,16.859375,14.661913,1,1028.1
190,0,189,12.718750,14.651686,1,1031.2
191,0,190,12.703125,14.641484,1,1038.9
192,0,191,13.781250,14.637004,1,1042.2
193,0,192,19.031250,14.659772,1,1048.2
194,0,193,14.671875,14.659834,1,1051.6
195,0,194,9.125000,14.631450,1,1058.4
196,0,195,14.500000,14.630780,1,1061.6
197,0,196,18.500000,14.650420,1,1069.3
198,0,197,18.437500,14.669547,1,1072.6
199,0,198,17.687500,14.684713,1,1081.6
200,0,199,18.718750,14.704883,1,1084.9
201,0,200,20.687500,14.734647,1,1090.5
202,0,201,9.437500,14.708424,1,1093.9
203,0,202,15.000000,14.709860,1,1100.7
204,0,203,10.375000,14.688611,1,1104.2
205,0,204,13.078125,14.680755,1,1109.7
206,0,205,15.937500,14.686855,1,1114.0
207,0,206,16.828125,14.697200,1,1121.3
208,0,207,16.015625,14.703538,1,1125.0
209,0,208,12.062500,14.690902,1,1135.0
210,0,209,11.031250,14.673475,1,1138.2
211,0,210,16.843750,14.683760,1,1146.9
212,0,211,10.843750,14.665647,1,1150.3
213,0,212,9.593750,14.641835,1,1159.3
214,0,213,11.781250,14.628468,1,1162.6
215,0,214,14.468750,14.627725,1,1169.6
216,0,215,10.859375,14.610279,1,1172.8
217,0,216,10.703125,14.592274,1,1182.4
218,0,217,16.515625,14.601097,1,1185.7
219,0,218,9.187500,14.576377,1,1191.8
220,0,219,17.500000,14.589666,1,1194.4
221,0,220,18.906250,14.609198,1,1199.6
222,0,221,9.140625,14.584565,1,1202.9
223,0,222,16.812500,14.594556,1,1210.2
224,0,223,13.804688,14.591030,1,1212.8
225,0,224,14.640625,14.591250,1,1222.3
226,0,225,13.984375,14.588565,1,1225.7
227,0,226,12.265625,14.578331,1,1234.2
228,0,227,15.937500,14.584293,1,1237.7
229,0,228,10.703125,14.567344,1,1243.8
230,0,229,15.875000,14.573030,1,1247.2
231,0,230,10.718750,14.556345,1,1253.9
232,0,231,17.625000,14.569572,1,1257.3
233,0,232,17.796875,14.583423,1,1266.4
234,0,233,17.406250,14.595486,1,1269.3
235,0,234,11.382812,14.581815,1,1277.5
236,0,235,14.718750,14.582395,1,1280.9
237,0,236,11.187500,14.568071,1,1289.8
238,0,237,11.296875,14.554326,1,1293.2
239,0,238,17.453125,14.566455,1,1300.7
240,0,239,13.914062,14.563737,1,1304.1
241,0,240,13.257812,14.558318,1,1312.5
242,0,241,13.203125,14.552718,1,1315.9
243,0,242,10.320312,14.535301,1,1322.0
244,0,243,15.140625,14.537782,1,1325.5
245,0,244,14.421875,14.537309,1,1333.5
246,0,245,16.515625,14.545351,1,1337.0
247,0,246,11.750000,14.534033,1,1345.3
248,0,247,10.773438,14.518870,1,1348.8
249,0,248,12.578125,14.511076,1,1356.6
250,0,249,10.390625,14.494594,1,1360.2
251,0,250,16.015625,14.500654,1,1367.5
252,0,251,10.968750,14.486638,1,1371.0
253,0,252,9.859375,14.468349,1,1378.4
254,0,253,8.750000,14.445835,1,1381.8
255,0,254,11.921875,14.435937,1,1388.6
256,0,255,17.640625,14.448456,1,1391.9
257,0,256,9.609375,14.429627,1,1399.6
258,0,257,12.500000,14.422148,1,1403.0
259,0,258,11.441406,14.410639,1,1410.4
260,0,259,16.257812,14.417743,1,1413.8
261,0,260,7.832031,14.392511,1,1422.2
262,0,261,17.531250,14.404491,1,1425.7
263,0,262,13.109375,14.399566,1,1433.0
264,0,263,10.203125,14.383671,1,1436.6
265,0,264,9.890625,14.366716,1,1445.8
266,0,265,19.125000,14.384604,1,1449.3
267,0,266,11.437500,14.373566,1,1456.8
268,0,267,9.500000,14.355381,1,1460.2
269,0,268,11.242188,14.343808,1,1468.8
270,0,269,19.312500,14.362211,1,1472.3
271,0,270,17.406250,14.373443,1,1479.4
272,0,271,8.734375,14.352711,1,1482.4
273,0,272,20.406250,14.374886,1,1490.6
274,0,273,19.937500,14.395187,1,1493.2
275,0,274,14.453125,14.395398,1,1501.1
276,0,275,9.843750,14.378906,1,1503.7
277,0,276,23.000000,14.410029,1,1511.3
278,0,277,16.125000,14.416198,1,1514.0
279,0,278,13.812500,14.414034,1,1521.0
280,0,279,14.492188,14.414314,1,1523.6
281,0,280,20.687500,14.436638,1,1530.7
282,0,281,14.453125,14.436697,1,1533.4
283,0,282,17.968750,14.449177,1,1539.9
284,0,283,9.117188,14.430403,1,1542.6
285,0,284,11.265625,14.419298,1,1549.1
286,0,285,16.656250,14.427120,1,1551.8
287,0,286,13.859375,14.425142,1,1558.7
288,0,287,14.242188,14.424506,1,1561.3
289,0,288,17.000000,14.433418,1,1569.0
290,0,289,9.906250,14.417807,1,1571.7
291,0,290,13.453125,14.414492,1,1577.9
292,0,291,8.242188,14.393354,1,1580.6
293,0,292,18.156250,14.406197,1,1588.1
294,0,293,13.953125,14.404656,1,1590.7
295,0,294,17.218750,14.414195,1,1597.7
296,0,295,18.593750,14.428315,1,1600.3
297,0,296,12.562500,14.422033,1,1607.8
298,0,297,16.062500,14.427538,1,1610.4
299,0,298,10.718750,14.415134,1,1616.1
300,0,299,15.562500,14.418958,1,1618.8
301,0,300,14.671875,14.419799,1,1625.2
302,0,301,13.484375,14.416701,1,1628.6
303,0,302,13.750000,14.414501,1,1634.4
304,0,303,19.375000,14.430818,1,1638.8
305,0,304,10.078125,14.416547,1,1643.1
306,0,305,9.218750,14.399561,1,1648.5
307,0,306,10.875000,14.388080,1,1652.2
308,0,307,10.015625,14.373884,1,1657.2
309,0,308,15.421875,14.377275,1,1662.0
310,0,309,16.093750,14.382812,1,1666.8
311,0,310,10.937500,14.371734,1,1670.3
312,0,311,13.046875,14.367488,1,1675.9
313,0,312,14.148438,14.366788,1,1679.4
314,0,313,12.828125,14.361888,1,1686.4
315,0,314,16.140625,14.367535,1,1689.4
316,0,315,20.187500,14.385952,1,1696.2
317,0,316,11.796875,14.377785,1,1699.8
318,0,317,11.054688,14.367335,1,1705.8
319,0,318,17.453125,14.377008,1,1709.6
320,0,319,11.062500,14.366650,1,1715.4
321,0,320,14.687500,14.367650,1,1720.0
322,0,321,18.531250,14.380580,1,1725.0
323,0,322,10.453125,14.368421,1,1730.5
324,0,323,13.812500,14.366705,1,1734.9
325,0,324,20.906250,14.386827,1,1739.6
326,0,325,9.968750,14.373275,1,1744.8
327,0,326,15.375000,14.376338,1,1749.1
328,0,327,11.187500,14.366616,1,1753.6
329,0,328,15.031250,14.368636,1,1760.1
330,0,329,18.312500,14.380587,1,1762.7
331,0,330,12.093750,14.373678,1,1770.7
332,0,331,11.703125,14.365634,1,1773.3
333,0,332,10.585938,14.354284,1,1780.6
334,0,333,11.617188,14.346089,1,1784.5
335,0,334,16.203125,14.351632,1,1789.8
336,0,335,8.414062,14.333961,1,1793.8
337,0,336,14.640625,14.334871,1,1797.0
338,0,337,15.687500,14.338873,1,1805.2
339,0,338,15.156250,14.341284,1,1807.9
340,0,339,17.687500,14.351126,1,1813.6
341,0,340,9.781250,14.337725,1,1817.4
342,0,341,19.375000,14.352453,1,1822.1
343,0,342,11.460938,14.344023,1,1827.5
344,0,343,13.218750,14.340752,1,1833.2
345,0,344,14.109375,14.340082,1,1836.9
346,0,345,13.968750,14.339008,1,1842.6
347,0,346,15.687500,14.342894,1,1847.8
348,0,347,12.062500,14.336342,1,1852.6
349,0,348,10.984375,14.326737,1,1858.0
350,0,349,16.523438,14.333013,1,1862.3
351,0,350,16.796875,14.340033,1,1868.3
352,0,351,12.609375,14.335116,1,1871.9
353,0,352,10.718750,14.324872,1,1878.1
354,0,353,8.976562,14.309763,1,1881.5
355,0,354,11.835938,14.302795,1,1887.1
356,0,355,10.187500,14.291235,1,1890.8
357,0,356,11.484375,14.283373,1,1896.5
358,0,357,10.031250,14.271495,1,1899.8
359,0,358,10.093750,14.259858,1,1903.6
360,0,359,14.234375,14.259787,1,1910.5
361,0,360,14.281250,14.259847,1,1913.1
362,0,361,20.437500,14.276912,1,1919.7
363,0,362,13.234375,14.274040,1,1922.3
364,0,363,16.640625,14.280542,1,1929.4
365,0,364,19.531250,14.294927,1,1932.0
366,0,365,18.281250,14.305819,1,1938.9
367,0,366,17.031250,14.313245,1,1941.5
368,0,367,13.156250,14.310101,1,1949.4
369,0,368,14.875000,14.311632,1,1952.0
370,0,369,10.406250,14.301077,1,1957.7
371,0,370,11.609375,14.293822,1,1960.3
372,0,371,15.765625,14.297778,1,1966.7
373,0,372,12.578125,14.293168,1,1969.3
374,0,373,11.007812,14.284383,1,1976.2
375,0,374,12.507812,14.279646,1,1978.9
376,0,375,18.750000,14.291535,1,1983.9
377,0,376,11.156250,14.283219,1,1986.5
378,0,377,15.656250,14.286851,1,1992.6
379,0,378,9.890625,14.275251,1,1995.2
380,0,379,13.484375,14.273170,1,2003.1
381,0,380,15.718750,14.276964,1,2005.7
382,0,381,17.156250,14.284502,1,2013.9
383,0,382,17.468750,14.292816,1,2016.5
384,0,383,14.109375,14.292338,1,2023.2
385,0,384,13.078125,14.289184,1,2025.8
386,0,385,15.968750,14.293535,1,2031.6
387,0,386,14.468750,14.293988,1,2034.2
388,0,387,11.906250,14.287834,1,2040.3
389,0,388,10.820312,14.278920,1,2042.9
390,0,389,12.234375,14.273678,1,2050.4
391,0,390,13.015625,14.270460,1,2053.0
392,0,391,10.421875,14.260643,1,2059.7
393,0,392,11.273438,14.253042,1,2062.3
394,0,393,9.898438,14.241989,1,2068.9
395,0,394,15.812500,14.245965,1,2071.5
396,0,395,12.593750,14.241793,1,2079.3
397,0,396,16.328125,14.247048,1,2081.9
398,0,397,13.375000,14.244857,1,2089.1
399,0,398,13.296875,14.242481,1,2091.8
400,0,399,11.531250,14.235703,1,2098.0
401,0,400,17.265625,14.243259,1,2100.6
402,0,401,16.203125,14.248134,1,2107.5
403,0,402,16.875000,14.254653,1,2110.1
404,0,403,17.500000,14.262686,1,2116.6
405,0,404,14.718750,14.263812,1,2119.2
406,0,405,15.015625,14.265663,1,2125.4
407,0,406,12.406250,14.261095,1,2128.0
408,0,407,11.937500,14.255400,1,2134.3
409,0,408,11.492188,14.248644,1,2136.9
410,0,409,17.593750,14.256803,1,2142.6
411,0,410,16.203125,14.261538,1,2145.2
412,0,411,10.015625,14.251233,1,2153.4
413,0,412,10.656250,14.242528,1,2156.0
414,0,413,11.046875,14.234809,1,2162.7
415,0,414,19.000000,14.246291,1,2165.3
416,0,415,11.039062,14.238582,1,2170.5
417,0,416,14.093750,14.238234,1,2173.2
418,0,417,22.375000,14.257700,1,2180.0
419,0,418,17.781250,14.266110,1,2182.6
420,0,419,7.953125,14.251079,1,2190.3
421,0,420,14.882812,14.252579,1,2193.0
422,0,421,15.046875,14.254462,1,2199.1
423,0,422,17.343750,14.261765,1,2201.7
424,0,423,18.328125,14.271355,1,2207.5
425,0,424,18.031250,14.280202,1,2210.1
426,0,425,8.125000,14.265753,1,2215.5
427,0,426,15.453125,14.268534,1,2218.6
428,0,427,9.468750,14.257320,1,2225.3
429,0,428,12.023438,14.252112,1,2227.9
430,0,429,13.921875,14.251344,1,2234.9
431,0,430,13.218750,14.248949,1,2237.5
432,0,431,15.843750,14.252640,1,2245.5
433,0,432,10.515625,14.244010,1,2248.2
434,0,433,16.296875,14.248740,1,2256.3
435,0,434,16.734375,14.254454,1,2258.9
436,0,435,17.687500,14.262328,1,2265.2
437,0,436,9.875000,14.252288,1,2267.8
438,0,437,10.671875,14.244114,1,2274.8
439,0,438,16.171875,14.248505,1,2277.4
440,0,439,9.093750,14.236790,1,2282.1
441,0,440,16.734375,14.242453,1,2284.7
442,0,441,13.203125,14.240102,1,2290.9
443,0,442,13.906250,14.239348,1,2293.5
444,0,443,14.453125,14.239830,1,2301.2
445,0,444,7.937500,14.225667,1,2303.8
446,0,445,10.164062,14.216560,1,2311.4
447,0,446,12.062500,14.211741,1,2314.1
448,0,447,15.843750,14.215384,1,2321.1
449,0,448,12.437500,14.211425,1,2323.7
450,0,449,10.929688,14.204132,1,2330.9
451,0,450,11.484375,14.198101,1,2333.5
452,0,451,13.734375,14.197075,1,2339.5
453,0,452,9.671875,14.187086,1,2342.1
454,0,453,16.250000,14.191630,1,2349.3
455,0,454,14.296875,14.191861,1,2351.9
456,0,455,18.296875,14.200863,1,2358.9
457,0,456,13.421875,14.199159,1,2361.5
458,0,457,11.796875,14.193914,1,2369.3
459,0,458,10.648438,14.186189,1,2371.9
460,0,459,18.625000,14.195839,1,2378.8
461,0,460,16.125000,14.200024,1,2381.5
462,0,461,11.812500,14.194856,1,2387.9
463,0,462,10.195312,14.186218,1,2390.6
464,0,463,13.015625,14.183695,1,2398.5
465,0,464,10.593750,14.175974,1,2401.1
466,0,465,19.000000,14.186326,1,2407.0
467,0,466,14.015625,14.185961,1,2409.7
468,0,467,12.164062,14.181641,1,2418.3
469,0,468,10.187500,14.173124,1,2420.9
470,0,469,10.015625,14.164279,1,2428.4
471,0,470,16.875000,14.170034,1,2431.1
472,0,471,13.984375,14.169640,1,2438.4
473,0,472,17.664062,14.177028,1,2441.0
474,0,473,18.093750,14.185291,1,2448.2
475,0,474,7.125000,14.170428,1,2450.8
476,0,475,12.218750,14.166327,1,2456.1
477,0,476,10.609375,14.158871,1,2458.7
478,0,477,17.937500,14.166776,1,2466.4
479,0,478,11.812500,14.161861,1,2469.0
480,0,479,12.351562,14.158089,1,2473.5
481,0,480,10.640625,14.150776,1,2476.1
482,0,481,16.531250,14.155715,1,2482.9
483,0,482,9.812500,14.146723,1,2485.6
484,0,483,10.218750,14.138607,1,2493.2
485,0,484,8.328125,14.126627,1,2495.8
486,0,485,12.546875,14.123376,1,2502.9
487,0,486,14.812500,14.124791,1,2505.5
488,0,487,20.593750,14.138048,1,2512.2
489,0,488,9.093750,14.127732,1,2514.9
490,0,489,12.992188,14.125415,1,2521.9
491,0,490,18.281250,14.133879,1,2524.5
492,0,491,17.078125,14.139863,1,2530.0
493,0,492,10.468750,14.132416,1,2532.6
494,0,493,16.101562,14.136402,1,2539.7
495,0,494,10.484375,14.129025,1,2542.3
496,0,495,12.968750,14.126685,1,2550.2
497,0,496,13.218750,14.124859,1,2552.8
498,0,497,17.046875,14.130726,1,2558.9
499,0,498,11.839844,14.126135,1,2561.6
500,0,499,16.718750,14.131320,1,2568.5
501,0,500,9.984375,14.123043,1,2571.1
502,0,501,11.375000,14.117569,1,2577.5
503,0,502,8.945312,14.107286,1,2580.2
504,0,503,14.250000,14.107569,1,2586.3
505,0,504,11.460938,14.102328,1,2588.9
506,0,505,16.093750,14.106264,1,2596.8
507,0,506,14.875000,14.107780,1,2599.4
508,0,507,11.968750,14.103569,1,2606.4
509,0,508,11.406250,14.098270,1,2609.0
510,0,509,9.960938,14.090158,1,2616.0
511,0,510,14.562500,14.091082,1,2618.6
512,0,511,18.515625,14.099724,1,2623.7
513,0,512,12.843750,14.097276,1,2626.3
514,0,513,18.031250,14.104929,1,2632.8
515,0,514,18.250000,14.112978,1,2635.4
516,0,515,15.234375,14.115151,1,2643.5
517,0,516,17.187500,14.121094,1,2646.1
518,0,517,13.156250,14.119231,1,2652.1
519,0,518,9.937500,14.111174,1,2654.8
520,0,519,10.234375,14.103718,1,2662.9
521,0,520,12.859375,14.101330,1,2665.5
522,0,521,18.000000,14.108799,1,2672.7
523,0,522,17.140625,14.114596,1,2675.3
524,0,523,8.343750,14.103583,1,2682.4
525,0,524,13.265625,14.101987,1,2685.0
526,0,525,10.687500,14.095495,1,2691.6
527,0,526,11.593750,14.090748,1,2694.2
528,0,527,12.789062,14.088283,1,2701.3
529,0,528,11.273438,14.082962,1,2703.9
530,0,529,14.343750,14.083454,1,2710.5
531,0,530,19.031250,14.092772,1,2713.1
532,0,531,10.796875,14.086576,1,2718.6
533,0,532,9.578125,14.078118,1,2721.2
534,0,533,13.328125,14.076713,1,2726.3
535,0,534,14.039062,14.076643,1,2729.0
536,0,535,16.984375,14.082068,1,2734.5
537,0,536,15.562500,14.084825,1,2737.1
538,0,537,16.093750,14.088559,1,2743.8
539,0,538,15.476562,14.091134,1,2746.5
540,0,539,14.109375,14.091168,1,2753.3
541,0,540,12.968750,14.089093,1,2755.9
542,0,541,18.312500,14.096885,1,2762.5
543,0,542,14.671875,14.097944,1,2765.2
544,0,543,13.750000,14.097304,1,2770.9
545,0,544,9.546875,14.088955,1,2773.5
546,0,545,17.687500,14.095546,1,2779.9
547,0,546,19.312500,14.105083,1,2782.6
548,0,547,14.953125,14.106631,1,2788.7
549,0,548,11.031250,14.101029,1,2791.3
550,0,549,9.437500,14.092550,1,2798.4
551,0,550,13.125000,14.090794,1,2801.1
552,0,551,9.406250,14.082307,1,2808.4
553,0,552,12.578125,14.079587,1,2811.0
554,0,553,15.687500,14.082490,1,2817.7
555,0,554,17.562500,14.088760,1,2820.3
556,0,555,14.078125,14.088741,1,2825.5
557,0,556,10.796875,14.082831,1,2828.1
558,0,557,15.578125,14.085510,1,2834.6
559,0,558,16.796875,14.090361,1,2837.2
560,0,559,14.296875,14.090730,1,2843.4
561,0,560,19.468750,14.100316,1,2846.0
562,0,561,12.968750,14.098303,1,2851.6
563,0,562,10.656250,14.092189,1,2854.2
564,0,563,21.906250,14.106044,1,2861.5
565,0,564,10.250000,14.099219,1,2864.1
566,0,565,18.843750,14.107601,1,2871.0
567,0,566,13.703125,14.106888,1,2873.6
568,0,567,12.812500,14.104609,1,2880.5
569,0,568,19.187500,14.113542,1,2883.1
570,0,569,11.054688,14.108176,1,2889.0
571,0,570,18.937500,14.116633,1,2891.7
572,0,571,8.148438,14.106199,1,2898.2
573,0,572,12.906250,14.104105,1,2900.8
574,0,573,10.460938,14.097758,1,2907.1
575,0,574,14.617188,14.098662,1,2909.7
576,0,575,10.531250,14.092468,1,2917.1
577,0,576,15.593750,14.095070,1,2919.7
578,0,577,17.312500,14.100637,1,2925.4
579,0,578,11.460938,14.096078,1,2928.0
580,0,579,13.843750,14.095643,1,2934.5
581,0,580,10.296875,14.089104,1,2937.1
582,0,581,16.234375,14.092790,1,2942.6
583,0,582,18.812500,14.100886,1,2945.6
584,0,583,13.625000,14.100071,1,2951.5
585,0,584,19.328125,14.109008,1,2955.0
586,0,585,15.062500,14.110635,1,2959.2
587,0,586,12.703125,14.108237,1,2964.7
588,0,587,9.375000,14.100187,1,2969.9
589,0,588,14.343750,14.100601,1,2973.7
590,0,589,16.468750,14.104615,1,2979.1
591,0,590,12.109375,14.101239,1,2982.7
592,0,591,12.718750,14.098903,1,2985.7
593,0,592,14.468750,14.099527,1,2993.0
594,0,593,18.046875,14.106172,1,2995.7
595,0,594,12.804688,14.103985,1,3001.8
596,0,595,17.000000,14.108844,1,3004.5
597,0,596,15.250000,14.110756,1,3009.6
598,0,597,10.375000,14.104509,1,3013.5
599,0,598,12.843750,14.102404,1,3018.9
600,0,599,11.390625,14.097884,1,3022.8
601,0,600,16.843750,14.102453,1,3028.6
602,0,601,11.359375,14.097896,1,3032.4
603,0,602,13.750000,14.097319,1,3038.2
604,0,603,18.406250,14.104453,1,3043.1
605,0,604,15.281250,14.106399,1,3046.0
606,0,605,11.281250,14.101737,1,3049.8
607,0,606,12.593750,14.099252,1,3056.5
608,0,607,12.625000,14.096827,1,3059.5
609,0,608,18.875000,14.104673,1,3065.8
610,0,609,13.109375,14.103042,1,3069.4
611,0,610,8.750000,14.094281,1,3075.5
612,0,611,10.656250,14.088663,1,3078.1
613,0,612,11.062500,14.083726,1,3085.1
614,0,613,11.289062,14.079175,1,3087.7
615,0,614,18.968750,14.087125,1,3094.7
616,0,615,14.250000,14.087390,1,3097.3
617,0,616,10.742188,14.081968,1,3104.1
618,0,617,20.218750,14.091898,1,3106.7
619,0,618,11.234375,14.087282,1,3113.2
620,0,619,18.781250,14.094853,1,3115.8
621,0,620,18.250000,14.101544,1,3121.1
622,0,621,9.765625,14.094573,1,3123.8
623,0,622,15.375000,14.096628,1,3131.8
624,0,623,18.281250,14.103334,1,3134.4
625,0,624,11.890625,14.099794,1,3140.6
626,0,625,15.750000,14.102430,1,3143.2
627,0,626,19.593750,14.111188,1,3150.1
628,0,627,14.031250,14.111061,1,3152.7
629,0,628,11.515625,14.106934,1,3159.8
630,0,629,13.875000,14.106566,1,3162.4
631,0,630,13.156250,14.105060,1,3170.3
632,0,631,16.359375,14.108627,1,3172.9
633,0,632,10.109375,14.102309,1,3180.3
634,0,633,10.992188,14.097404,1,3182.9
635,0,634,13.406250,14.096315,1,3190.3
636,0,635,14.406250,14.096803,1,3192.9
637,0,636,9.765625,14.090003,1,3199.8
638,0,637,14.375000,14.090450,1,3202.4
639,0,638,11.640625,14.086616,1,3209.4
640,0,639,18.601562,14.093671,1,3212.1
641,0,640,14.406250,14.094158,1,3218.0
642,0,641,22.187500,14.106765,1,3220.7
643,0,642,14.281250,14.107036,1,3227.8
644,0,643,13.250000,14.105705,1,3230.4
645,0,644,10.937500,14.100793,1,3237.1
646,0,645,10.304688,14.094917,1,3239.8
647,0,646,9.937500,14.088491,1,3246.9
648,0,647,13.578125,14.087704,1,3249.5
649,0,648,8.453125,14.079022,1,3256.3
650,0,649,14.718750,14.080006,1,3258.9
651,0,650,15.687500,14.082475,1,3264.6
652,0,651,13.437500,14.081486,1,3267.3
653,0,652,9.351562,14.074243,1,3271.9
654,0,653,14.632812,14.075097,1,3274.6
655,0,654,14.687500,14.076032,1,3281.7
656,0,655,11.257812,14.071736,1,3284.4
657,0,656,12.203125,14.068892,1,3291.5
658,0,657,18.015625,14.074890,1,3294.2
659,0,658,15.781250,14.077479,1,3300.8
660,0,659,18.062500,14.083517,1,3303.5
661,0,660,14.390625,14.083981,1,3309.9
662,0,661,9.554688,14.077140,1,3312.8
663,0,662,9.015625,14.069505,1,3318.9
664,0,663,12.953125,14.067824,1,3322.0
665,0,664,12.843750,14.065983,1,3329.8
666,0,665,11.757812,14.062518,1,3332.5
667,0,666,10.484375,14.057153,1,3338.6
668,0,667,11.515625,14.053348,1,3341.3
669,0,668,10.070312,14.047395,1,3345.7
670,0,669,15.750000,14.049936,1,3351.6
671,0,670,20.468750,14.059502,1,3354.5
672,0,671,9.921875,14.053345,1,3361.3
673,0,672,9.242188,14.046196,1,3363.9
674,0,673,7.210938,14.036055,1,3369.9
675,0,674,8.992188,14.028582,1,3372.9
676,0,675,18.218750,14.034781,1,3379.5
677,0,676,21.281250,14.045484,1,3382.2
678,0,677,10.976562,14.040958,1,3388.7
679,0,678,9.742188,14.034627,1,3391.4
680,0,679,13.843750,14.034346,1,3397.1
681,0,680,16.156250,14.037462,1,3400.7
682,0,681,16.953125,14.041737,1,3406.2
683,0,682,18.125000,14.047716,1,3410.2
684,0,683,10.562500,14.042620,1,3415.5
685,0,684,11.203125,14.038475,1,3419.4
686,0,685,9.078125,14.031244,1,3422.9
687,0,686,8.070312,14.022568,1,3427.3
688,0,687,15.500000,14.024715,1,3430.8
689,0,688,14.609375,14.025564,1,3436.1
690,0,689,12.406250,14.023217,1,3439.7
691,0,690,14.437500,14.023816,1,3444.8
692,0,691,14.109375,14.023940,1,3450.3
693,0,692,9.500000,14.017412,1,3453.5
694,0,693,7.007812,14.007312,1,3460.6
695,0,694,11.609375,14.003861,1,3463.3
696,0,695,15.375000,14.005831,1,3471.0
697,0,696,12.890625,14.004231,1,3473.6
698,0,697,17.500000,14.009240,1,3480.4
699,0,698,11.421875,14.005538,1,3483.0
700,0,699,15.484375,14.007651,1,3490.5
701,0,700,10.265625,14.002313,1,3493.1
702,0,701,8.515625,13.994497,1,3499.4
703,0,702,19.375000,14.002150,1,3502.0
704,0,703,12.023438,13.999340,1,3508.5
705,0,704,15.734375,14.001801,1,3511.1
706,0,705,6.984375,13.991861,1,3517.6
707,0,706,19.195312,13.999221,1,3520.3
708,0,707,22.031250,14.010566,1,3525.7
709,0,708,9.859375,14.004711,1,3529.8
710,0,709,9.320312,13.998113,1,3534.7
711,0,710,9.015625,13.991105,1,3538.5
712,0,711,10.281250,13.985895,1,3543.7
713,0,712,18.890625,13.992774,1,3547.7
714,0,713,12.031250,13.990026,1,3553.6
715,0,714,9.078125,13.983157,1,3558.4
716,0,715,18.171875,13.989007,1,3562.7
717,0,716,19.031250,13.996039,1,3567.6
718,0,717,11.062500,13.991954,1,3573.4
719,0,718,20.218750,14.000614,1,3576.7
720,0,719,14.015625,14.000635,1,3582.6
721,0,720,11.921875,13.997752,1,3585.3
722,0,721,18.500000,14.003987,1,3591.5
723,0,722,13.546875,14.003355,1,3594.1
724,0,723,16.562500,14.006890,1,3601.7
725,0,724,13.007812,14.005512,1,3604.3
726,0,725,14.593750,14.006322,1,3610.9
727,0,726,10.953125,14.002122,1,3613.5
728,0,727,10.109375,13.996775,1,3619.4
729,0,728,10.843750,13.992450,1,3622.0
730,0,729,13.062500,13.991176,1,3628.6
731,0,730,13.781250,13.990889,1,3631.2
732,0,731,13.929688,13.990805,1,3636.7
733,0,732,9.765625,13.985041,1,3639.3
734,0,733,12.242188,13.982667,1,3646.3
735,0,734,18.531250,13.988855,1,3648.9
736,0,735,19.031250,13.995706,1,3655.7
737,0,736,13.312500,13.994779,1,3658.4
738,0,737,8.351562,13.987133,1,3666.9
739,0,738,11.484375,13.983746,1,3669.5
740,0,739,14.156250,13.983979,1,3675.6
741,0,740,18.000000,13.989399,1,3678.3
742,0,741,10.984375,13.985349,1,3684.0
743,0,742,11.093750,13.981457,1,3686.6
744,0,743,12.492188,13.979455,1,3693.3
745,0,744,9.773438,13.973810,1,3695.9
746,0,745,16.750000,13.977531,1,3703.3
747,0,746,12.843750,13.976013,1,3705.9
748,0,747,11.828125,13.973142,1,3713.0
749,0,748,15.093750,13.974638,1,3715.6
750,0,749,12.812500,13.973089,1,3722.2
751,0,750,9.390625,13.966987,1,3724.8
752,0,751,15.375000,13.968859,1,3730.7
753,0,752,9.281250,13.962634,1,3733.3
754,0,753,10.187500,13.957627,1,3740.1
755,0,754,9.195312,13.951319,1,3742.7
756,0,755,10.789062,13.947136,1,3749.4
757,0,756,13.000000,13.945885,1,3752.0
758,0,757,8.484375,13.938680,1,3760.3
759,0,758,12.085938,13.936239,1,3762.9
760,0,759,14.164062,13.936539,1,3769.2
761,0,760,18.531250,13.942577,1,3771.9
762,0,761,9.960938,13.937351,1,3777.8
763,0,762,9.671875,13.931761,1,3780.5
764,0,763,13.164062,13.930756,1,3787.4
765,0,764,16.500000,13.934115,1,3790.0
766,0,765,13.296875,13.933283,1,3795.5
767,0,766,7.796875,13.925282,1,3798.2
768,0,767,8.875000,13.918706,1,3803.5
769,0,768,16.921875,13.922612,1,3806.1
770,0,769,11.531250,13.919506,1,3813.0
771,0,770,15.203125,13.921171,1,3815.6
772,0,771,10.390625,13.916598,1,3821.2
773,0,772,8.929688,13.910146,1,3823.9
774,0,773,17.750000,13.915107,1,3829.5
775,0,774,10.257812,13.910388,1,3832.2
776,0,775,15.875000,13.912920,1,3837.6
777,0,776,14.578125,13.913776,1,3840.3
778,0,777,17.562500,13.918466,1,3847.9
779,0,778,9.187500,13.912393,1,3850.5
780,0,779,9.257812,13.906425,1,3858.5
781,0,780,12.140625,13.904164,1,3861.1
782,0,781,14.546875,13.904986,1,3867.0
783,0,782,11.140625,13.901456,1,3869.7
784,0,783,15.125000,13.903016,1,3875.9
785,0,784,11.609375,13.900095,1,3878.5
786,0,785,19.093750,13.906702,1,3885.2
787,0,786,12.031250,13.904319,1,3887.8
788,0,787,10.406250,13.899880,1,3895.1
789,0,788,17.625000,13.904601,1,3897.7
790,0,789,10.585938,13.900401,1,3903.3
791,0,790,17.531250,13.904991,1,3905.9
792,0,791,11.453125,13.901895,1,3911.7
793,0,792,10.812500,13.897999,1,3914.3
794,0,793,15.906250,13.900528,1,3922.0
795,0,794,14.062500,13.900732,1,3924.6
796,0,795,12.234375,13.898639,1,3929.2
797,0,796,15.421875,13.900550,1,3931.8
798,0,797,10.015625,13.895682,1,3937.7
799,0,798,9.718750,13.890454,1,3940.3
800,0,799,11.437500,13.887388,1,3947.1
801,0,800,12.406250,13.885539,1,3949.7
802,0,801,14.734375,13.886597,1,3956.1
803,0,802,17.328125,13.890883,1,3958.7
804,0,803,18.125000,13.896149,1,3964.0
805,0,804,12.078125,13.893891,1,3967.6
806,0,805,7.296875,13.885706,1,3971.8
807,0,806,10.859375,13.881956,1,3977.5
808,0,807,16.156250,13.884770,1,3980.7
809,0,808,11.609375,13.881958,1,3987.4
810,0,809,10.718750,13.878053,1,3991.0
811,0,810,18.343750,13.883559,1,3996.0
812,0,811,9.875000,13.878622,1,4000.9
813,0,812,13.296875,13.877907,1,4005.7
814,0,813,13.437500,13.877366,1,4010.6
815,0,814,20.187500,13.885108,1,4014.6
816,0,815,13.093750,13.884139,1,4019.6
817,0,816,15.312500,13.885887,1,4022.7
818,0,817,9.226562,13.880191,1,4029.5
819,0,818,16.718750,13.883657,1,4032.1
820,0,819,12.937500,13.882503,1,4039.8
821,0,820,19.812500,13.889726,1,4042.4
822,0,821,9.796875,13.884747,1,4050.2
823,0,822,10.234375,13.880311,1,4052.8
824,0,823,19.343750,13.886942,1,4059.2
825,0,824,10.515625,13.882855,1,4061.8
826,0,825,19.843750,13.890072,1,4068.5
827,0,826,12.781250,13.888731,1,4071.2
828,0,827,15.312500,13.890450,1,4078.2
829,0,828,11.070312,13.887049,1,4080.8
830,0,829,10.250000,13.882667,1,4087.8
831,0,830,15.273438,13.884340,1,4090.4
832,0,831,15.500000,13.886282,1,4096.7
833,0,832,10.546875,13.882273,1,4099.3
834,0,833,11.750000,13.879717,1,4105.9
835,0,834,18.390625,13.885119,1,4108.6
836,0,835,8.523438,13.878705,1,4115.7
837,0,836,16.656250,13.882024,1,4118.3
838,0,837,14.906250,13.883246,1,4124.5
839,0,838,9.453125,13.877966,1,4127.2
840,0,839,13.343750,13.877330,1,4134.3
841,0,840,14.578125,13.878163,1,4136.9
842,0,841,20.906250,13.886510,1,4143.9
843,0,842,11.906250,13.884161,1,4146.5
844,0,843,13.921875,13.884206,1,4153.6
845,0,844,11.515625,13.881403,1,4156.2
846,0,845,13.421875,13.880859,1,4163.1
847,0,846,12.406250,13.879118,1,4165.7
848,0,847,9.398438,13.873835,1,4172.0
849,0,848,13.187500,13.873026,1,4174.6
850,0,849,10.007812,13.868479,1,4179.9
851,0,850,17.468750,13.872709,1,4182.6
852,0,851,14.500000,13.873446,1,4187.3
853,0,852,15.343750,13.875169,1,4190.0
854,0,853,16.140625,13.877822,1,4196.1
855,0,854,17.625000,13.882205,1,4198.8
856,0,855,19.218750,13.888439,1,4205.5
857,0,856,15.750000,13.890611,1,4208.2
858,0,857,12.031250,13.888444,1,4214.4
859,0,858,17.078125,13.892157,1,4217.1
860,0,859,16.218750,13.894863,1,4224.8
861,0,860,9.687500,13.889976,1,4227.4
862,0,861,14.062500,13.890176,1,4232.5
863,0,862,14.437500,13.890811,1,4235.2
864,0,863,14.109375,13.891064,1,4241.7
865,0,864,13.718750,13.890864,1,4244.3
866,0,865,16.421875,13.893787,1,4250.4
867,0,866,12.546875,13.892233,1,4253.0
868,0,867,13.812500,13.892142,1,4259.8
869,0,868,16.640625,13.895304,1,4262.8
870,0,869,14.328125,13.895802,1,4270.3
871,0,870,10.296875,13.891670,1,4272.9
872,0,871,11.890625,13.889375,1,4279.9
873,0,872,16.937500,13.892867,1,4282.6
874,0,873,12.015625,13.890719,1,4289.8
875,0,874,12.796875,13.889469,1,4292.4
876,0,875,11.125000,13.886313,1,4298.4
877,0,876,14.148438,13.886612,1,4301.0
878,0,877,14.578125,13.887399,1,4307.2
879,0,878,11.562500,13.884755,1,4310.2
880,0,879,16.156250,13.887336,1,4314.6
881,0,880,12.000000,13.885193,1,4318.6
882,0,881,18.359375,13.890266,1,4323.5
883,0,882,16.687500,13.893434,1,4329.3
884,0,883,10.851562,13.889993,1,4333.8
885,0,884,20.328125,13.897268,1,4338.1
886,0,885,17.093750,13.900876,1,4342.6
887,0,886,14.593750,13.901657,1,4347.3
888,0,887,11.242188,13.898662,1,4351.8
889,0,888,17.312500,13.902502,1,4356.3
890,0,889,10.062500,13.898187,1,4361.2
891,0,890,18.031250,13.902826,1,4364.6
892,0,891,12.156250,13.900868,1,4371.2
893,0,892,8.890625,13.895257,1,4373.8
894,0,893,19.015625,13.900985,1,4380.5
895,0,894,15.468750,13.902737,1,4383.2
896,0,895,14.062500,13.902915,1,4390.5
897,0,896,13.500000,13.902466,1,4393.2
898,0,897,16.937500,13.905845,1,4400.7
899,0,898,11.562500,13.903239,1,4403.3
900,0,899,13.937500,13.903277,1,4409.4
901,0,900,7.500000,13.896170,1,4412.1
902,0,901,12.140625,13.894224,1,4420.1
903,0,902,12.734375,13.892939,1,4422.7
904,0,903,14.796875,13.893939,1,4430.1
905,0,904,9.062500,13.888601,1,4432.7
906,0,905,15.312500,13.890172,1,4440.2
907,0,906,17.531250,13.894187,1,4442.8
908,0,907,11.937500,13.892032,1,4450.2
909,0,908,11.843750,13.889778,1,4452.8
910,0,909,10.125000,13.885641,1,4459.3
911,0,910,12.937500,13.884601,1,4461.9
912,0,911,10.460938,13.880847,1,4468.5
913,0,912,14.296875,13.881302,1,4471.1
914,0,913,16.031250,13.883654,1,4478.6
915,0,914,15.070312,13.884951,1,4481.2
916,0,915,11.156250,13.881972,1,4486.9
917,0,916,15.218750,13.883430,1,4489.5
918,0,917,12.062500,13.881447,1,4496.7
919,0,918,9.984375,13.877206,1,4499.3
920,0,919,9.429688,13.872372,1,4506.2
921,0,920,14.093750,13.872612,1,4508.8
922,0,921,11.484375,13.870022,1,4515.0
923,0,922,9.812500,13.865626,1,4517.6
924,0,923,16.953125,13.868967,1,4522.5
925,0,924,16.250000,13.871541,1,4525.1
926,0,925,15.546875,13.873351,1,4532.2
927,0,926,17.375000,13.877128,1,4534.8
928,0,927,16.984375,13.880476,1,4542.3
929,0,928,11.890625,13.878334,1,4544.9
930,0,929,18.531250,13.883338,1,4551.9
931,0,930,17.375000,13.887088,1,4554.7
932,0,931,9.382812,13.882255,1,4561.1
933,0,932,11.046875,13.879216,1,4564.6
934,0,933,8.515625,13.873473,1,4570.1
935,0,934,17.718750,13.877586,1,4574.6
936,0,935,18.500000,13.882525,1,4579.8
937,0,936,13.375000,13.881983,1,4584.5
938,0,937,9.312500,13.877111,1,4588.6
939,0,938,12.789062,13.875953,1,4594.1
940,0,939,13.656250,13.875719,1,4597.6
941,0,940,9.343750,13.870903,1,4602.9
942,0,941,11.578125,13.868469,1,4606.7
943,0,942,13.078125,13.867631,1,4611.4
944,0,943,12.093750,13.865752,1,4615.6
945,0,944,11.203125,13.862934,1,4620.4
946,0,945,16.765625,13.866002,1,4624.3
947,0,946,16.265625,13.868536,1,4631.2
948,0,947,17.093750,13.871938,1,4633.8
949,0,948,19.937500,13.878330,1,4640.7
950,0,949,10.890625,13.875185,1,4643.3
951,0,950,8.843750,13.869894,1,4650.5
952,0,951,10.468750,13.866322,1,4653.1
953,0,952,9.062500,13.861281,1,4662.2
954,0,953,17.671875,13.865275,1,4664.8
955,0,954,9.203125,13.860393,1,4670.1
956,0,955,14.656250,13.861226,1,4672.7
957,0,956,17.906250,13.865453,1,4679.0
958,0,957,17.828125,13.869589,1,4681.7
959,0,958,14.515625,13.870263,1,4688.7
960,0,959,8.828125,13.865011,1,4691.3
961,0,960,8.515625,13.859444,1,4697.9
962,0,961,13.718750,13.859298,1,4700.5
963,0,962,14.015625,13.859460,1,4707.5
964,0,963,8.984375,13.854403,1,4710.1
965,0,964,18.125000,13.858829,1,4716.7
966,0,965,8.867188,13.853661,1,4719.3
967,0,966,17.156250,13.857076,1,4726.3
968,0,967,8.195312,13.851228,1,4728.9
969,0,968,11.875000,13.849188,1,4734.9
970,0,969,7.640625,13.842788,1,4737.6
971,0,970,16.359375,13.845379,1,4745.9
972,0,971,12.179688,13.843666,1,4748.5
973,0,972,8.695312,13.838374,1,4752.9
974,0,973,14.015625,13.838556,1,4755.6
975,0,974,18.078125,13.842905,1,4761.4
976,0,975,6.960938,13.835853,1,4764.0
977,0,976,19.968750,13.842131,1,4770.7
978,0,977,12.187500,13.840439,1,4773.4
979,0,978,12.734375,13.839309,1,4778.5
980,0,979,17.898438,13.843451,1,4781.1
981,0,980,11.875000,13.841444,1,4788.3
982,0,981,16.484375,13.844136,1,4790.9
983,0,982,7.640625,13.837825,1,4797.4
984,0,983,13.312500,13.837291,1,4800.0
985,0,984,13.578125,13.837028,1,4807.7
986,0,985,14.593750,13.837796,1,4810.3
987,0,986,13.578125,13.837532,1,4814.6
988,0,987,12.132812,13.835807,1,4819.6
989,0,988,14.187500,13.836163,1,4823.3
990,0,989,11.414062,13.833716,1,4829.9
991,0,990,11.968750,13.831834,1,4832.9
992,0,991,16.000000,13.834020,1,4839.1
993,0,992,12.109375,13.832283,1,4842.5
994,0,993,10.609375,13.829041,1,4848.2
995,0,994,8.523438,13.823708,1,4852.2
996,0,995,11.640625,13.821517,1,4858.5
997,0,996,10.554688,13.818240,1,4862.1
998,0,997,11.593750,13.816011,1,4867.7
999,0,998,10.992188,13.813184,1,4870.9
1000,0,999,7.085938,13.806457,1,4877.8
1001,0,1000,10.570312,13.803224,1,4881.2
1002,0,1001,22.875000,13.812278,1,4887.3
1003,0,1002,14.843750,13.813306,1,4889.9
1004,0,1003,15.625000,13.815111,1,4895.7
1005,0,1004,11.039062,13.812348,1,4898.3
1006,0,1005,10.968750,13.809522,1,4906.9
1007,0,1006,12.265625,13.807989,1,4909.5
1008,0,1007,8.578125,13.802800,1,4915.2
1009,0,1008,17.937500,13.806898,1,4917.8
1010,0,1009,13.328125,13.806424,1,4924.3
1011,0,1010,14.984375,13.807589,1,4927.0
1012,0,1011,16.921875,13.810667,1,4933.3
1013,0,1012,16.609375,13.813429,1,4935.9
1014,0,1013,9.562500,13.809237,1,4941.7
1015,0,1014,7.859375,13.803375,1,4944.3
1016,0,1015,18.187500,13.807690,1,4951.9
1017,0,1016,14.437500,13.808310,1,4954.5
1018,0,1017,25.718750,13.820009,1,4960.9
1019,0,1018,17.500000,13.823621,1,4963.5
1020,0,1019,21.000000,13.830656,1,4970.9
1021,0,1020,14.570312,13.831381,1,4973.5
1022,0,1021,15.781250,13.833289,1,4980.4
1023,0,1022,16.000000,13.835407,1,4983.0
1024,0,1023,13.718750,13.835293,1,4990.0
1025,0,1024,15.281250,13.836704,1,4992.6
1026,0,1025,9.390625,13.832370,1,4997.5
1027,0,1026,12.796875,13.831362,1,5000.1
1028,0,1027,12.171875,13.829748,1,5006.7
1029,0,1028,17.250000,13.833071,1,5009.3
1030,0,1029,11.312500,13.830624,1,5016.4
1031,0,1030,12.281250,13.829121,1,5019.0
1032,0,1031,14.921875,13.830180,1,5025.1
1033,0,1032,14.125000,13.830466,1,5027.7
1034,0,1033,13.843750,13.830479,1,5036.2
1035,0,1034,10.273438,13.827042,1,5038.8
1036,0,1035,12.460938,13.825723,1,5044.9
1037,0,1036,14.437500,13.826313,1,5047.5
1038,0,1037,14.218750,13.826691,1,5052.6
1039,0,1038,10.171875,13.823174,1,5055.3
1040,0,1039,21.875000,13.830916,1,5062.0
1041,0,1040,17.531250,13.834470,1,5064.7
1042,0,1041,12.328125,13.833025,1,5068.9
1043,0,1042,11.968750,13.831237,1,5071.6
1044,0,1043,8.195312,13.825839,1,5077.9
1045,0,1044,16.125000,13.828039,1,5080.8
1046,0,1045,8.523438,13.822968,1,5087.8
1047,0,1046,14.578125,13.823689,1,5090.4
1048,0,1047,10.867188,13.820868,1,5096.5
1049,0,1048,20.687500,13.827414,1,5099.1
1050,0,1049,12.648438,13.826291,1,5106.5
1051,0,1050,13.148438,13.825646,1,5109.1
1052,0,1051,15.945312,13.827661,1,5116.1
1053,0,1052,10.203125,13.824219,1,5118.7
1054,0,1053,18.937500,13.829070,1,5126.6
1055,0,1054,16.906250,13.831987,1,5129.2
1056,0,1055,18.843750,13.836733,1,5136.0
1057,0,1056,15.312500,13.838129,1,5138.7
1058,0,1057,11.406250,13.835830,1,5145.8
1059,0,1058,9.187500,13.831441,1,5148.5
1060,0,1059,15.656250,13.833163,1,5153.9
1061,0,1060,8.218750,13.827871,1,5156.5
1062,0,1061,15.343750,13.829298,1,5164.2
1063,0,1062,14.218750,13.829665,1,5166.8
1064,0,1063,17.968750,13.833555,1,5172.7
1065,0,1064,9.937500,13.829897,1,5175.3
1066,0,1065,14.812500,13.830818,1,5182.9
1067,0,1066,14.218750,13.831182,1,5185.5
1068,0,1067,17.023438,13.834171,1,5192.4
1069,0,1068,11.476562,13.831965,1,5195.0
1070,0,1069,10.265625,13.828632,1,5202.0
1071,0,1070,8.687500,13.823832,1,5204.6
1072,0,1071,8.882812,13.819223,1,5210.3
1073,0,1072,12.007812,13.817535,1,5212.9
1074,0,1073,15.031250,13.818665,1,5219.8
1075,0,1074,14.546875,13.819342,1,5222.4
1076,0,1075,12.171875,13.817811,1,5228.9
1077,0,1076,15.906250,13.819750,1,5231.5
1078,0,1077,8.960938,13.815243,1,5238.4
1079,0,1078,14.625000,13.815994,1,5241.0
1080,0,1079,9.406250,13.811910,1,5248.3
1081,0,1080,10.156250,13.808529,1,5250.9
1082,0,1081,10.921875,13.805861,1,5256.0
1083,0,1082,13.687500,13.805752,1,5258.6
1084,0,1083,8.828125,13.801160,1,5266.5
1085,0,1084,13.093750,13.800508,1,5269.1
1086,0,1085,12.890625,13.799670,1,5275.3
1087,0,1086,20.406250,13.805748,1,5277.9
1088,0,1087,15.546875,13.807348,1,5285.3
1089,0,1088,19.093750,13.812202,1,5287.9
1090,0,1089,16.406250,13.814582,1,5294.6
1091,0,1090,17.265625,13.817745,1,5297.2
1092,0,1091,7.445312,13.811910,1,5303.3
1093,0,1092,14.484375,13.812525,1,5305.9
1094,0,1093,10.687500,13.809669,1,5313.3
1095,0,1094,18.937500,13.814351,1,5315.9
1096,0,1095,12.265625,13.812938,1,5321.9
1097,0,1096,18.375000,13.817097,1,5324.5
1098,0,1097,11.453125,13.814944,1,5330.9
1099,0,1098,9.210938,13.810755,1,5333.5
1100,0,1099,15.687500,13.812461,1,5340.7
1101,0,1100,11.625000,13.810474,1,5343.4
1102,0,1101,19.000000,13.815183,1,5349.3
1103,0,1102,18.375000,13.819317,1,5352.0
1104,0,1103,9.898438,13.815766,1,5358.2
1105,0,1104,11.750000,13.813896,1,5360.8
1106,0,1105,17.875000,13.817568,1,5366.9
1107,0,1106,13.046875,13.816872,1,5369.5
1108,0,1107,14.632812,13.817608,1,5376.4
1109,0,1108,12.968750,13.816843,1,5379.0
1110,0,1109,14.000000,13.817008,1,5385.9
1111,0,1110,11.351562,13.814789,1,5388.5
1112,0,1111,7.507812,13.809117,1,5394.4
1113,0,1112,16.031250,13.811114,1,5397.1
1114,0,1113,11.937500,13.809432,1,5404.5
1115,0,1114,10.218750,13.806211,1,5407.1
1116,0,1115,11.929688,13.804530,1,5413.0
1117,0,1116,13.609375,13.804355,1,5416.0
1118,0,1117,12.687500,13.803356,1,5423.0
1119,0,1118,8.179688,13.798331,1,5425.7
1120,0,1119,19.156250,13.803115,1,5431.8
1121,0,1120,14.125000,13.803402,1,5434.8
1122,0,1121,8.695312,13.798849,1,5440.8
1123,0,1122,10.406250,13.795828,1,5443.7
1124,0,1123,10.218750,13.792646,1,5450.2
1125,0,1124,11.820312,13.790892,1,5454.3
1126,0,1125,13.187500,13.790356,1,5459.5
1127,0,1126,10.117188,13.787097,1,5463.3
1128,0,1127,14.140625,13.787411,1,5467.0
1129,0,1128,24.718750,13.797093,1,5471.7
1130,0,1129,17.343750,13.800232,1,5476.1
1131,0,1130,12.875000,13.799414,1,5479.9
1132,0,1131,11.968750,13.797796,1,5486.2
1133,0,1132,12.367188,13.796534,1,5488.8
1134,0,1133,7.179688,13.790699,1,5495.3
1135,0,1134,14.093750,13.790966,1,5498.6
1136,0,1135,8.578125,13.786377,1,5504.6
1137,0,1136,13.031250,13.785713,1,5508.6
1138,0,1137,5.437500,13.778377,1,5514.0
1139,0,1138,13.343750,13.777995,1,5517.2
1140,0,1139,17.937500,13.781644,1,5524.0
1141,0,1140,14.640625,13.782397,1,5526.6
1142,0,1141,9.218750,13.778401,1,5532.8
1143,0,1142,17.843750,13.781957,1,5536.2
1144,0,1143,7.992188,13.776896,1,5542.9
1145,0,1144,10.796875,13.774294,1,5545.6
1146,0,1145,6.789062,13.768198,1,5552.5
1147,0,1146,9.734375,13.764682,1,5555.1
1148,0,1147,10.007812,13.761409,1,5563.2
1149,0,1148,13.757812,13.761406,1,5565.8
1150,0,1149,15.632812,13.763033,1,5571.8
1151,0,1150,14.796875,13.763931,1,5574.5
1152,0,1151,12.187500,13.762563,1,5582.3
1153,0,1152,19.281250,13.767349,1,5585.0
1154,0,1153,16.562500,13.769772,1,5591.4
1155,0,1154,9.914062,13.766433,1,5594.1
1156,0,1155,9.851562,13.763047,1,5600.6
1157,0,1156,19.062500,13.767627,1,5603.2
1158,0,1157,15.062500,13.768745,1,5610.0
1159,0,1158,16.781250,13.771345,1,5612.6
1160,0,1159,12.312500,13.770087,1,5619.1
1161,0,1160,5.914062,13.763320,1,5621.8
1162,0,1161,6.718750,13.757258,1,5629.2
1163,0,1162,17.140625,13.760167,1,5631.8
1164,0,1163,13.296875,13.759769,1,5638.3
1165,0,1164,10.406250,13.756890,1,5640.9
1166,0,1165,12.843750,13.756107,1,5647.9
1167,0,1166,11.875000,13.754495,1,5650.6
1168,0,1167,9.234375,13.750625,1,5657.2
1169,0,1168,12.867188,13.749870,1,5659.9
1170,0,1169,12.718750,13.748988,1,5666.3
1171,0,1170,15.062500,13.750110,1,5668.9
1172,0,1171,19.812500,13.755283,1,5676.1
1173,0,1172,19.750000,13.760393,1,5678.7
1174,0,1173,15.132812,13.761562,1,5686.7
1175,0,1174,12.828125,13.760768,1,5689.3
1176,0,1175,10.835938,13.758281,1,5697.0
1177,0,1176,16.750000,13.760823,1,5699.6
1178,0,1177,16.906250,13.763493,1,5706.2
1179,0,1178,13.468750,13.763243,1,5708.8
1180,0,1179,13.671875,13.763165,1,5715.3
1181,0,1180,11.031250,13.760852,1,5717.9
1182,0,1181,12.140625,13.759481,1,5725.5
1183,0,1182,13.187500,13.758998,1,5728.1
1184,0,1183,12.515625,13.757948,1,5735.0
1185,0,1184,9.281250,13.754170,1,5737.7
1186,0,1185,12.718750,13.753297,1,5743.8
1187,0,1186,7.671875,13.748174,1,5746.4
1188,0,1187,9.500000,13.744598,1,5752.5
1189,0,1188,18.750000,13.748807,1,5755.2
1190,0,1189,18.343750,13.752669,1,5760.8
1191,0,1190,14.023438,13.752896,1,5763.5
1192,0,1191,11.500000,13.751006,1,5770.1
1193,0,1192,19.531250,13.755851,1,5772.7
1194,0,1193,20.875000,13.761814,1,5779.6
1195,0,1194,9.125000,13.757933,1,5782.3
1196,0,1195,10.460938,13.755177,1,5789.3
1197,0,1196,15.218750,13.756399,1,5791.9
1198,0,1197,11.140625,13.754216,1,5798.9
1199,0,1198,12.351562,13.753046,1,5801.6
1200,0,1199,9.468750,13.749476,1,5807.8
1201,0,1200,12.562500,13.748488,1,5810.5
1202,0,1201,13.531250,13.748307,1,5816.3
1203,0,1202,11.531250,13.746464,1,5818.9
1204,0,1203,8.953125,13.742483,1,5824.2
1205,0,1204,12.734375,13.741646,1,5826.8
1206,0,1205,19.062500,13.746058,1,5833.4
1207,0,1206,10.773438,13.743595,1,5836.1
1208,0,1207,12.257812,13.742365,1,5841.6
1209,0,1208,11.218750,13.740278,1,5844.3
1210,0,1209,10.375000,13.737497,1,5852.0
1211,0,1210,8.445312,13.733127,1,5854.7
1212,0,1211,18.750000,13.737266,1,5862.2
1213,0,1212,10.234375,13.734378,1,5864.8
1214,0,1213,11.625000,13.732641,1,5870.7
1215,0,1214,11.484375,13.730790,1,5873.3
1216,0,1215,11.562500,13.729007,1,5879.8
1217,0,1216,10.960938,13.726733,1,5882.4
1218,0,1217,14.859375,13.727663,1,5889.8
1219,0,1218,20.125000,13.732911,1,5892.4
1220,0,1219,8.320312,13.728474,1,5900.3
1221,0,1220,14.460938,13.729074,1,5902.9
1222,0,1221,14.921875,13.730050,1,5909.7
1223,0,1222,12.765625,13.729261,1,5912.4
1224,0,1223,9.843750,13.726087,1,5919.0
1225,0,1224,20.031250,13.731234,1,5921.6
1226,0,1225,16.726562,13.733677,1,5929.8
1227,0,1226,16.796875,13.736174,1,5932.5
1228,0,1227,15.000000,13.737203,1,5938.7
1229,0,1228,6.320312,13.731168,1,5941.4
1230,0,1229,10.562500,13.728592,1,5946.4
1231,0,1230,13.585938,13.728476,1,5949.1
1232,0,1231,13.257812,13.728094,1,5955.6
1233,0,1232,13.343750,13.727782,1,5958.3
1234,0,1233,10.820312,13.725426,1,5964.2
1235,0,1234,6.859375,13.719867,1,5966.9
1236,0,1235,15.875000,13.721610,1,5973.5
1237,0,1236,8.968750,13.717768,1,5976.1
1238,0,1237,14.648438,13.718520,1,5982.9
1239,0,1238,12.609375,13.717624,1,5985.5
1240,0,1239,14.640625,13.718369,1,5992.4
1241,0,1240,18.500000,13.722222,1,5995.1
1242,0,1241,9.335938,13.718690,1,6000.9
1243,0,1242,10.914062,13.716434,1,6003.5
1244,0,1243,14.218750,13.716838,1,6009.0
1245,0,1244,12.375000,13.715760,1,6011.6
1246,0,1245,12.531250,13.714809,1,6017.7
1247,0,1246,14.906250,13.715765,1,6020.3
1248,0,1247,12.953125,13.715154,1,6027.3
1249,0,1248,13.890625,13.715294,1,6029.9
1250,0,1249,7.648438,13.710441,1,6036.2
1251,0,1250,12.578125,13.709535,1,6039.0
1252,0,1251,10.453125,13.706935,1,6045.4
1253,0,1252,16.375000,13.709064,1,6048.1
1254,0,1253,10.937500,13.706854,1,6052.8
1255,0,1254,12.078125,13.705556,1,6058.5
1256,0,1255,16.000000,13.707383,1,6062.3
1257,0,1256,9.812500,13.704284,1,6068.2
1258,0,1257,13.210938,13.703892,1,6071.5
1259,0,1258,10.484375,13.701335,1,6077.8
1260,0,1259,16.343750,13.703432,1,6080.5
1261,0,1260,10.109375,13.700582,1,6088.0
1262,0,1261,10.273438,13.697866,1,6090.6
1263,0,1262,18.656250,13.701792,1,6097.2
1264,0,1263,10.851562,13.699537,1,6099.8
1265,0,1264,19.937500,13.704468,1,6107.2
1266,0,1265,13.406250,13.704233,1,6109.8
1267,0,1266,9.546875,13.700951,1,6116.8
1268,0,1267,16.218750,13.702937,1,6119.4
1269,0,1268,14.875000,13.703861,1,6126.0
1270,0,1269,10.843750,13.701609,1,6128.7
1271,0,1270,14.656250,13.702360,1,6135.0
1272,0,1271,10.132812,13.699553,1,6137.6
1273,0,1272,17.156250,13.702269,1,6144.3
1274,0,1273,11.234375,13.700332,1,6146.9
1275,0,1274,18.406250,13.704023,1,6154.2
1276,0,1275,10.484375,13.701499,1,6156.8
1277,0,1276,14.312500,13.701978,1,6163.2
1278,0,1277,13.640625,13.701930,1,6165.8
1279,0,1278,12.906250,13.701308,1,6172.6
1280,0,1279,10.468750,13.698782,1,6175.2
1281,0,1280,9.312500,13.695358,1,6183.1
1282,0,1281,18.515625,13.699118,1,6185.7
1283,0,1282,11.953125,13.697757,1,6191.3
1284,0,1283,19.093750,13.701960,1,6194.0
1285,0,1284,15.546875,13.703396,1,6201.3
1286,0,1285,15.031250,13.704428,1,6203.9
1287,0,1286,15.203125,13.705593,1,6210.1
1288,0,1287,14.625000,13.706306,1,6212.7
1289,0,1288,14.343750,13.706801,1,6219.1
1290,0,1289,7.359375,13.701880,1,6221.7
1291,0,1290,13.671875,13.701857,1,6227.3
1292,0,1291,12.890625,13.701229,1,6230.0
1293,0,1292,11.875000,13.699817,1,6237.1
1294,0,1293,10.656250,13.697465,1,6239.8
1295,0,1294,10.406250,13.694923,1,6247.2
1296,0,1295,17.031250,13.697498,1,6249.8
1297,0,1296,12.593750,13.696647,1,6257.1
1298,0,1297,13.515625,13.696507,1,6259.7
1299,0,1298,20.281250,13.701576,1,6266.8
1300,0,1299,11.156250,13.699618,1,6269.4
1301,0,1300,10.765625,13.697363,1,6275.7
1302,0,1301,6.101562,13.691529,1,6278.3
1303,0,1302,13.109375,13.691082,1,6286.7
1304,0,1303,13.406250,13.690864,1,6289.3
1305,0,1304,13.953125,13.691065,1,6295.5
1306,0,1305,10.531250,13.688646,1,6298.1
1307,0,1306,10.070312,13.685877,1,6306.1
1308,0,1307,8.914062,13.682229,1,6308.7
1309,0,1308,18.656250,13.686029,1,6315.8
1310,0,1309,14.781250,13.686865,1,6318.4
1311,0,1310,15.031250,13.687890,1,6324.3
1312,0,1311,11.218750,13.686008,1,6327.0
1313,0,1312,8.578125,13.682118,1,6333.1
1314,0,1313,10.992188,13.680071,1,6335.7
1315,0,1314,12.468750,13.679150,1,6343.4
1316,0,1315,19.000000,13.683193,1,6346.0
1317,0,1316,11.250000,13.681346,1,6352.1
1318,0,1317,13.523438,13.681226,1,6354.7
1319,0,1318,19.906250,13.685945,1,6361.4
1320,0,1319,9.703125,13.682928,1,6364.0
1321,0,1320,11.875000,13.681559,1,6371.0
1322,0,1321,15.375000,13.682840,1,6373.6
1323,0,1322,10.984375,13.680801,1,6379.1
1324,0,1323,14.343750,13.681301,1,6381.7
1325,0,1324,7.007812,13.676265,1,6386.6
1326,0,1325,17.234375,13.678948,1,6389.2
1327,0,1326,22.812500,13.685831,1,6395.5
1328,0,1327,13.296875,13.685538,1,6398.1
1329,0,1328,13.156250,13.685140,1,6405.7
1330,0,1329,15.625000,13.686598,1,6408.4
1331,0,1330,6.734375,13.681375,1,6414.4
1332,0,1331,12.937500,13.680817,1,6417.0
1333,0,1332,12.648438,13.680042,1,6424.6
1334,0,1333,19.281250,13.684241,1,6427.2
1335,0,1334,17.750000,13.687286,1,6435.3
1336,0,1335,7.093750,13.682351,1,6437.9
1337,0,1336,16.437500,13.684412,1,6444.0
1338,0,1337,15.718750,13.685932,1,6446.6
1339,0,1338,5.750000,13.680005,1,6452.7
1340,0,1339,12.500000,13.679125,1,6455.4
1341,0,1340,15.765625,13.680681,1,6461.8
1342,0,1341,18.781250,13.684482,1,6464.5
1343,0,1342,19.500000,13.688812,1,6472.6
1344,0,1343,15.656250,13.690276,1,6475.2
1345,0,1344,14.453125,13.690843,1,6482.4
1346,0,1345,16.343750,13.692814,1,6485.0
1347,0,1346,14.843750,13.693668,1,6490.5
1348,0,1347,18.140625,13.696967,1,6493.2
1349,0,1348,18.125000,13.700250,1,6498.6
1350,0,1349,10.703125,13.698030,1,6501.3
1351,0,1350,20.320312,13.702931,1,6505.3
1352,0,1351,17.109375,13.705451,1,6508.0
1353,0,1352,14.140625,13.705772,1,6515.3
1354,0,1353,14.414062,13.706296,1,6518.0
1355,0,1354,8.531250,13.702476,1,6523.6
1356,0,1355,15.234375,13.703606,1,6526.2
1357,0,1356,18.156250,13.706887,1,6533.1
1358,0,1357,12.125000,13.705722,1,6535.7
1359,0,1358,11.304688,13.703956,1,6540.5
1360,0,1359,9.070312,13.700549,1,6543.2
1361,0,1360,16.234375,13.702410,1,6549.7
1362,0,1361,13.773438,13.702462,1,6552.3
1363,0,1362,8.617188,13.698732,1,6559.9
1364,0,1363,7.062500,13.693866,1,6562.5
1365,0,1364,22.062500,13.699997,1,6568.6
1366,0,1365,7.421875,13.695401,1,6571.2
1367,0,1366,13.882812,13.695538,1,6575.6
1368,0,1367,13.296875,13.695247,1,6580.0
1369,0,1368,12.257812,13.694197,1,6584.5
1370,0,1369,12.132812,13.693057,1,6590.0
1371,0,1370,16.843750,13.695355,1,6593.9
1372,0,1371,8.500000,13.691569,1,6598.9
1373,0,1372,11.921875,13.690280,1,6603.5
1374,0,1373,17.156250,13.692802,1,6608.1
1375,0,1374,12.546875,13.691969,1,6612.5
1376,0,1375,15.687500,13.693419,1,6617.6
1377,0,1376,8.921875,13.689954,1,6622.0
1378,0,1377,12.531250,13.689113,1,6627.0
1379,0,1378,11.320312,13.687395,1,6630.1
1380,0,1379,13.062500,13.686942,1,6637.8
1381,0,1380,19.312500,13.691016,1,6640.4
1382,0,1381,16.562500,13.693094,1,6646.8
1383,0,1382,12.625000,13.692321,1,6650.2
1384,0,1383,7.500000,13.687847,1,6654.8
1385,0,1384,12.312500,13.686854,1,6660.0
1386,0,1385,16.281250,13.688726,1,6665.2
1387,0,1386,8.109375,13.684703,1,6667.9
1388,0,1387,15.843750,13.686259,1,6674.3
1389,0,1388,10.734375,13.684134,1,6677.5
1390,0,1389,14.226562,13.684524,1,6683.8
1391,0,1390,16.156250,13.686301,1,6686.4
1392,0,1391,14.296875,13.686740,1,6692.5
1393,0,1392,10.187500,13.684227,1,6695.5
1394,0,1393,16.875000,13.686516,1,6702.3
1395,0,1394,15.234375,13.687626,1,6704.9
1396,0,1395,10.882812,13.685617,1,6711.1
1397,0,1396,17.031250,13.688012,1,6715.0
1398,0,1397,9.531250,13.685038,1,6720.7
1399,0,1398,9.250000,13.681868,1,6725.0
1400,0,1399,8.562500,13.678211,1,6731.0
1401,0,1400,6.742188,13.673261,1,6733.6
1402,0,1401,20.718750,13.678286,1,6741.6
1403,0,1402,8.679688,13.674723,1,6744.2
1404,0,1403,14.218750,13.675111,1,6751.6
1405,0,1404,14.187500,13.675475,1,6754.2
1406,0,1405,21.406250,13.680974,1,6760.6
1407,0,1406,14.593750,13.681623,1,6763.3
1408,0,1407,7.914062,13.677526,1,6770.5
1409,0,1408,11.742188,13.676153,1,6773.1
1410,0,1409,10.812500,13.674122,1,6778.1
1411,0,1410,10.953125,13.672193,1,6781.1
1412,0,1411,10.507812,13.669952,1,6788.1
1413,0,1412,15.000000,13.670894,1,6790.7
1414,0,1413,19.000000,13.674662,1,6798.1
1415,0,1414,19.218750,13.678580,1,6800.7
1416,0,1415,13.781250,13.678653,1,6807.6
1417,0,1416,14.875000,13.679497,1,6810.2
1418,0,1417,8.031250,13.675514,1,6817.2
1419,0,1418,7.726562,13.671322,1,6819.9
1420,0,1419,18.796875,13.674931,1,6826.8
1421,0,1420,18.906250,13.678613,1,6829.4
1422,0,1421,16.132812,13.680339,1,6835.3
1423,0,1422,17.054688,13.682710,1,6837.9
1424,0,1423,8.867188,13.679328,1,6845.0
1425,0,1424,20.062500,13.683808,1,6847.6
1426,0,1425,6.453125,13.678737,1,6853.3
1427,0,1426,13.203125,13.678404,1,6855.9
1428,0,1427,10.890625,13.676451,1,6863.3
1429,0,1428,14.492188,13.677022,1,6865.9
1430,0,1429,12.375000,13.676112,1,6870.6
1431,0,1430,14.968750,13.677015,1,6873.2
1432,0,1431,18.921875,13.680678,1,6879.4
1433,0,1432,6.289062,13.675520,1,6882.1
1434,0,1433,5.265625,13.669655,1,6886.8
1435,0,1434,14.468750,13.670212,1,6890.2
1436,0,1435,6.773438,13.665409,1,6895.7
1437,0,1436,17.234375,13.667893,1,6899.3
1438,0,1437,18.312500,13.671123,1,6904.3
1439,0,1438,17.187500,13.673566,1,6908.3
1440,0,1439,20.218750,13.678111,1,6912.5
1441,0,1440,14.281250,13.678530,1,6918.7
1442,0,1441,23.500000,13.685341,1,6921.6
1443,0,1442,15.312500,13.686469,1,6927.2
1444,0,1443,10.062500,13.683959,1,6930.5
1445,0,1444,11.578125,13.682502,1,6936.0
1446,0,1445,8.968750,13.679242,1,6940.7
1447,0,1446,11.125000,13.677477,1,6944.8
1448,0,1447,17.312500,13.679987,1,6950.3
1449,0,1448,21.406250,13.685319,1,6954.9
1450,0,1449,18.781250,13.688834,1,6959.1
1451,0,1450,20.062500,13.693226,1,6964.9
1452,0,1451,11.320312,13.691592,1,6968.1
1453,0,1452,12.132812,13.690519,1,6974.8
1454,0,1453,12.968750,13.690023,1,6977.4
1455,0,1454,16.656250,13.692061,1,6984.7
1456,0,1455,15.250000,13.693131,1,6987.3
1457,0,1456,16.843750,13.695294,1,6995.5
1458,0,1457,10.703125,13.693241,1,6998.2
1459,0,1458,17.781250,13.696043,1,7005.2
1460,0,1459,15.765625,13.697461,1,7007.8
1461,0,1460,13.671875,13.697443,1,7015.8
1462,0,1461,16.000000,13.699018,1,7018.4
1463,0,1462,11.140625,13.697270,1,7024.3
1464,0,1463,10.984375,13.695417,1,7027.0
1465,0,1464,15.921875,13.696936,1,7033.4
1466,0,1465,17.156250,13.699296,1,7036.0
1467,0,1466,12.453125,13.698447,1,7043.7
1468,0,1467,12.093750,13.697353,1,7046.3
1469,0,1468,11.093750,13.695581,1,7052.5
1470,0,1469,14.734375,13.696288,1,7055.1
1471,0,1470,10.171875,13.693892,1,7061.4
1472,0,1471,6.320312,13.688883,1,7064.0
1473,0,1472,13.140625,13.688510,1,7069.8
1474,0,1473,18.343750,13.691669,1,7072.5
1475,0,1474,10.296875,13.689367,1,7078.2
1476,0,1475,12.828125,13.688784,1,7080.9
1477,0,1476,20.562500,13.693437,1,7087.5
1478,0,1477,11.140625,13.691710,1,7090.1
1479,0,1478,13.953125,13.691887,1,7097.4
1480,0,1479,15.109375,13.692845,1,7100.1
1481,0,1480,13.765625,13.692894,1,7107.2
1482,0,1481,10.906250,13.691014,1,7109.8
1483,0,1482,13.328125,13.690769,1,7115.8
1484,0,1483,11.953125,13.689598,1,7118.4
1485,0,1484,11.281250,13.687976,1,7124.6
1486,0,1485,18.968750,13.691530,1,7127.2
1487,0,1486,16.531250,13.693439,1,7134.8
1488,0,1487,15.578125,13.694706,1,7137.4
1489,0,1488,9.414062,13.691831,1,7143.9
1490,0,1489,14.343750,13.692269,1,7146.5
1491,0,1490,10.929688,13.690416,1,7154.0
1492,0,1491,9.265625,13.687450,1,7156.6
1493,0,1492,11.781250,13.686173,1,7163.7
1494,0,1493,9.453125,13.683340,1,7166.3
1495,0,1494,16.546875,13.685256,1,7172.4
1496,0,1495,11.515625,13.683805,1,7175.0
1497,0,1496,10.609375,13.681752,1,7181.5
1498,0,1497,12.109375,13.680702,1,7184.1
1499,0,1498,12.312500,13.679789,1,7190.9
1500,0,1499,16.625000,13.681753,1,7193.5
1501,0,1500,18.000000,13.684630,1,7200.7
1502,0,1501,10.390625,13.682436,1,7203.3
1503,0,1502,9.445312,13.679617,1,7209.1
1504,0,1503,12.015625,13.678511,1,7211.7
1505,0,1504,9.398438,13.675667,1,7218.9
1506,0,1505,9.828125,13.673112,1,7221.5
1507,0,1506,12.953125,13.672634,1,7227.5
1508,0,1507,15.781250,13.674033,1,7230.1
1509,0,1508,7.546875,13.669972,1,7236.2
1510,0,1509,14.609375,13.670594,1,7239.0
1511,0,1510,12.117188,13.669566,1,7243.7
1512,0,1511,10.242188,13.667300,1,7247.7
1513,0,1512,11.828125,13.666084,1,7253.3
1514,0,1513,13.250000,13.665809,1,7257.5
1515,0,1514,10.578125,13.663771,1,7261.9
1516,0,1515,14.328125,13.664209,1,7266.5
1517,0,1516,9.117188,13.661212,1,7270.9
1518,0,1517,9.882812,13.658723,1,7275.7
1519,0,1518,9.632812,13.656073,1,7280.5
1520,0,1519,18.750000,13.659424,1,7285.1
1521,0,1520,15.531250,13.660654,1,7289.5
1522,0,1521,10.171875,13.658362,1,7293.1
1523,0,1522,9.597656,13.655696,1,7298.3
1524,0,1523,17.187500,13.658013,1,7303.0
1525,0,1524,9.289062,13.655149,1,7307.7
1526,0,1525,9.921875,13.652702,1,7312.8
1527,0,1526,13.734375,13.652756,1,7317.8
1528,0,1527,16.593750,13.654680,1,7322.2
1529,0,1528,9.937500,13.652249,1,7327.1
1530,0,1529,12.109375,13.651241,1,7331.8
1531,0,1530,13.914062,13.651412,1,7335.7
1532,0,1531,16.625000,13.653353,1,7341.4
1533,0,1532,12.218750,13.652418,1,7345.1
1534,0,1533,9.359375,13.649619,1,7350.9
1535,0,1534,13.640625,13.649613,1,7355.3
1536,0,1535,12.289062,13.648727,1,7358.9
1537,0,1536,20.125000,13.652941,1,7365.8
1538,0,1537,7.851562,13.649169,1,7368.4
1539,0,1538,12.078125,13.648148,1,7375.2
1540,0,1539,16.468750,13.649980,1,7377.9
1541,0,1540,13.296875,13.649751,1,7384.6
1542,0,1541,15.625000,13.651032,1,7387.2
1543,0,1542,13.062500,13.650650,1,7395.0
1544,0,1543,17.234375,13.652971,1,7397.6
1545,0,1544,10.109375,13.650678,1,7404.8
1546,0,1545,13.968750,13.650883,1,7407.4
1547,0,1546,17.250000,13.653210,1,7414.1
1548,0,1547,11.257812,13.651662,1,7416.7
1549,0,1548,10.984375,13.649940,1,7423.9
1550,0,1549,11.015625,13.648241,1,7426.5
1551,0,1550,19.937500,13.652296,1,7433.6
1552,0,1551,16.671875,13.654242,1,7436.3
1553,0,1552,14.234375,13.654615,1,7443.6
1554,0,1553,9.953125,13.652233,1,7446.2
1555,0,1554,19.968750,13.656295,1,7453.6
1556,0,1555,11.484375,13.654899,1,7456.2
1557,0,1556,11.578125,13.653566,1,7461.6
1558,0,1557,15.578125,13.654801,1,7464.2
1559,0,1558,13.281250,13.654561,1,7471.7
1560,0,1559,7.375000,13.650536,1,7474.3
1561,0,1560,11.929688,13.649433,1,7481.0
1562,0,1561,8.218750,13.645957,1,7483.6
1563,0,1562,11.875000,13.644824,1,7490.7
1564,0,1563,12.601562,13.644157,1,7493.3
1565,0,1564,11.984375,13.643096,1,7500.1
1566,0,1565,11.523438,13.641742,1,7502.8
1567,0,1566,15.109375,13.642679,1,7508.9
1568,0,1567,9.750000,13.640197,1,7511.5
1569,0,1568,13.765625,13.640276,1,7516.8
1570,0,1569,17.062500,13.642456,1,7519.5
1571,0,1570,10.796875,13.640645,1,7526.1
1572,0,1571,9.203125,13.637822,1,7528.7
1573,0,1572,11.406250,13.636403,1,7535.3
1574,0,1573,7.722656,13.632646,1,7538.0
1575,0,1574,18.875000,13.635975,1,7545.3
1576,0,1575,16.421875,13.637742,1,7547.9
1577,0,1576,8.148438,13.634262,1,7554.4
1578,0,1577,13.656250,13.634275,1,7557.0
1579,0,1578,13.984375,13.634497,1,7564.0
1580,0,1579,14.312500,13.634926,1,7566.7
1581,0,1580,14.796875,13.635661,1,7573.6
1582,0,1581,14.250000,13.636050,1,7576.2
1583,0,1582,19.593750,13.639813,1,7581.1
1584,0,1583,13.351562,13.639631,1,7583.8
1585,0,1584,15.468750,13.640785,1,7590.8
1586,0,1585,19.421875,13.644430,1,7593.4
1587,0,1586,11.796875,13.643266,1,7597.7
1588,0,1587,13.578125,13.643225,1,7600.3
1589,0,1588,11.984375,13.642181,1,7607.5
1590,0,1589,10.859375,13.640431,1,7610.1
1591,0,1590,10.093750,13.638202,1,7617.7
1592,0,1591,19.281250,13.641746,1,7620.3
1593,0,1592,20.437500,13.646012,1,7628.5
1594,0,1593,11.171875,13.644460,1,7631.1
1595,0,1594,15.406250,13.645565,1,7636.4
1596,0,1595,11.906250,13.644475,1,7639.1
1597,0,1596,15.562500,13.645676,1,7645.8
1598,0,1597,13.375000,13.645507,1,7648.4
1599,0,1598,17.906250,13.648171,1,7654.7
1600,0,1599,14.953125,13.648987,1,7657.4
1601,0,1600,13.289062,13.648762,1,7663.9
1602,0,1601,10.203125,13.646611,1,7666.6
1603,0,1602,17.968750,13.649307,1,7673.1
1604,0,1603,12.281250,13.648455,1,7675.7
1605,0,1604,10.671875,13.646600,1,7681.5
1606,0,1605,9.625000,13.644096,1,7684.1
1607,0,1606,13.906250,13.644259,1,7690.9
1608,0,1607,9.921875,13.641944,1,7693.5
1609,0,1608,15.484375,13.643089,1,7700.1
1610,0,1609,8.882812,13.640132,1,7702.7
1611,0,1610,12.625000,13.639502,1,7709.8
1612,0,1611,19.375000,13.643060,1,7712.4
1613,0,1612,9.945312,13.640768,1,7719.3
1614,0,1613,14.468750,13.641281,1,7721.9
1615,0,1614,13.023438,13.640898,1,7729.1
1616,0,1615,10.414062,13.638902,1,7731.9
1617,0,1616,12.523438,13.638212,1,7739.2
1618,0,1617,9.562500,13.635693,1,7741.8
1619,0,1618,6.367188,13.631203,1,7748.3
1620,0,1619,17.906250,13.633842,1,7750.9
1621,0,1620,12.421875,13.633094,1,7758.4
1622,0,1621,15.312500,13.634130,1,7761.0
1623,0,1622,20.906250,13.638611,1,7767.6
1624,0,1623,10.414062,13.636625,1,7770.2
1625,0,1624,11.109375,13.635070,1,7775.8
1626,0,1625,9.859375,13.632748,1,7779.4
1627,0,1626,8.804688,13.629780,1,7785.8
1628,0,1627,12.171875,13.628885,1,7788.4
1629,0,1628,9.187500,13.626158,1,7796.3
1630,0,1629,6.796875,13.621968,1,7798.9
1631,0,1630,14.304688,13.622387,1,7802.9
1632,0,1631,13.671875,13.622417,1,7805.5
1633,0,1632,14.546875,13.622983,1,7811.1
1634,0,1633,13.250000,13.622755,1,7813.7
1635,0,1634,18.875000,13.625968,1,7819.1
1636,0,1635,18.531250,13.628966,1,7824.2
1637,0,1636,9.875000,13.626673,1,7827.9
1638,0,1637,12.890625,13.626223,1,7833.8
1639,0,1638,10.195312,13.624130,1,7836.5
1640,0,1639,7.757812,13.620553,1,7840.4
1641,0,1640,11.796875,13.619442,1,7844.6
1642,0,1641,17.140625,13.621586,1,7849.3
1643,0,1642,10.859375,13.619905,1,7854.8
1644,0,1643,5.460938,13.614942,1,7857.6
1645,0,1644,19.593750,13.618577,1,7865.1
1646,0,1645,15.820312,13.619914,1,7868.2
1647,0,1646,13.687500,13.619955,1,7874.2
1648,0,1647,8.281250,13.616716,1,7876.9
1649,0,1648,12.703125,13.616162,1,7882.6
1650,0,1649,9.851562,13.613880,1,7885.2
1651,0,1650,14.781250,13.614587,1,7891.9
1652,0,1651,8.996094,13.611792,1,7894.5
1653,0,1652,14.375000,13.612253,1,7901.8
1654,0,1653,10.796875,13.610551,1,7904.4
1655,0,1654,12.093750,13.609635,1,7912.0
1656,0,1655,18.562500,13.612625,1,7914.6
1657,0,1656,5.851562,13.607942,1,7921.0
1658,0,1657,10.453125,13.606039,1,7923.7
1659,0,1658,11.570312,13.604812,1,7928.7
1660,0,1659,16.156250,13.606349,1,7931.4
1661,0,1660,17.078125,13.608439,1,7938.0
1662,0,1661,19.578125,13.612031,1,7940.7
1663,0,1662,10.953125,13.610432,1,7946.5
1664,0,1663,10.429688,13.608521,1,7949.9
1665,0,1664,15.750000,13.609807,1,7956.2
1666,0,1665,20.562500,13.613980,1,7959.4
1667,0,1666,14.515625,13.614521,1,7965.2
1668,0,1667,10.281250,13.612522,1,7968.9
1669,0,1668,18.343750,13.615357,1,7974.1
1670,0,1669,13.515625,13.615298,1,7977.3
1671,0,1670,18.062500,13.617959,1,7982.1
1672,0,1671,13.750000,13.618038,1,7987.5
1673,0,1672,10.679688,13.616282,1,7990.3
1674,0,1673,10.703125,13.614541,1,7998.2
1675,0,1674,8.968750,13.611768,1,8000.9
1676,0,1675,9.437500,13.609277,1,8007.4
1677,0,1676,12.281250,13.608485,1,8010.0
1678,0,1677,20.093750,13.612350,1,8016.6
1679,0,1678,13.296875,13.612162,1,8019.2
1680,0,1679,4.906250,13.606980,1,8024.7
1681,0,1680,6.687500,13.602864,1,8027.3
1682,0,1681,17.296875,13.605060,1,8034.0
1683,0,1682,12.265625,13.604264,1,8036.6
1684,0,1683,13.812500,13.604388,1,8043.1
1685,0,1684,11.375000,13.603065,1,8045.7
1686,0,1685,18.265625,13.605830,1,8053.3
1687,0,1686,13.718750,13.605897,1,8055.9
1688,0,1687,12.843750,13.605446,1,8062.8
1689,0,1688,19.093750,13.608695,1,8065.5
1690,0,1689,22.093750,13.613716,1,8072.5
1691,0,1690,12.140625,13.612845,1,8075.1
1692,0,1691,11.328125,13.611494,1,8081.2
1693,0,1692,10.968750,13.609933,1,8083.9
1694,0,1693,6.265625,13.605598,1,8090.9
1695,0,1694,11.945312,13.604618,1,8093.5
1696,0,1695,9.398438,13.602138,1,8100.7
1697,0,1696,5.171875,13.597171,1,8103.3
1698,0,1697,16.132812,13.598664,1,8110.0
1699,0,1698,12.578125,13.598063,1,8112.6
1700,0,1699,11.367188,13.596751,1,8120.2
1701,0,1700,14.156250,13.597080,1,8122.8
1702,0,1701,17.437500,13.599336,1,8128.9
1703,0,1702,3.570312,13.593447,1,8131.5
1704,0,1703,6.812500,13.589468,1,8137.7
1705,0,1704,11.734375,13.588380,1,8140.4
1706,0,1705,17.718750,13.590801,1,8146.8
1707,0,1706,22.687500,13.596130,1,8149.5
1708,0,1707,12.578125,13.595534,1,8155.9
1709,0,1708,11.562500,13.594344,1,8158.5
1710,0,1709,14.015625,13.594591,1,8165.6
1711,0,1710,9.421875,13.592152,1,8168.2
1712,0,1711,8.187500,13.588995,1,8174.4
1713,0,1712,8.468750,13.586006,1,8177.0
1714,0,1713,13.062500,13.585700,1,8181.9
1715,0,1714,5.765625,13.581141,1,8184.5
1716,0,1715,7.320312,13.577492,1,8191.1
1717,0,1716,8.437500,13.574499,1,8193.7
1718,0,1717,17.687500,13.576893,1,8200.5
1719,0,1718,12.421875,13.576221,1,8203.1
1720,0,1719,8.726562,13.573401,1,8210.5
1721,0,1720,10.390625,13.571552,1,8213.2
1722,0,1721,12.593750,13.570984,1,8219.4
1723,0,1722,15.867188,13.572317,1,8222.1
1724,0,1723,12.218750,13.571532,1,8228.0
1725,0,1724,19.421875,13.574923,1,8230.6
1726,0,1725,13.625000,13.574952,1,8237.6
1727,0,1726,7.289062,13.571312,1,8240.3
1728,0,1727,9.976562,13.569232,1,8246.2
1729,0,1728,11.312500,13.567927,1,8248.8
1730,0,1729,12.578125,13.567355,1,8253.5
1731,0,1730,14.671875,13.567993,1,8257.2
1732,0,1731,9.437500,13.565608,1,8262.4
1733,0,1732,9.710938,13.563384,1,8265.1
1734,0,1733,17.687500,13.565762,1,8271.9
1735,0,1734,15.218750,13.566715,1,8274.6
1736,0,1735,9.062500,13.564120,1,8282.1
1737,0,1736,12.781250,13.563669,1,8284.8
1738,0,1737,7.257812,13.560041,1,8290.9
1739,0,1738,11.937500,13.559108,1,8293.6
1740,0,1739,17.046875,13.561113,1,8300.2
1741,0,1740,16.093750,13.562567,1,8302.8
1742,0,1741,11.843750,13.561581,1,8309.4
1743,0,1742,12.875000,13.561187,1,8312.0
1744,0,1743,15.085938,13.562061,1,8318.6
1745,0,1744,11.585938,13.560929,1,8321.2
1746,0,1745,10.851562,13.559377,1,8327.5
1747,0,1746,11.453125,13.558171,1,8330.1
1748,0,1747,10.367188,13.556346,1,8337.9
1749,0,1748,5.773438,13.551896,1,8340.5
1750,0,1749,6.500000,13.547866,1,8346.0
1751,0,1750,18.718750,13.550819,1,8348.7
1752,0,1751,16.875000,13.552717,1,8355.5
1753,0,1752,20.500000,13.556680,1,8358.1
1754,0,1753,9.109375,13.554144,1,8364.0
1755,0,1754,17.578125,13.556437,1,8366.6
1756,0,1755,15.359375,13.557464,1,8372.0
1757,0,1756,10.625000,13.555795,1,8375.4
1758,0,1757,19.062500,13.558927,1,8382.2
1759,0,1758,13.343750,13.558805,1,8384.8
1760,0,1759,12.492188,13.558199,1,8391.7
1761,0,1760,17.906250,13.560668,1,8394.3
1762,0,1761,11.906250,13.559729,1,8400.8
1763,0,1762,14.046875,13.560005,1,8403.4
1764,0,1763,7.359375,13.556490,1,8409.0
1765,0,1764,10.273438,13.554630,1,8411.7
1766,0,1765,15.007812,13.555453,1,8419.3
1767,0,1766,14.437500,13.555952,1,8422.0
1768,0,1767,16.250000,13.557476,1,8428.5
1769,0,1768,8.914062,13.554851,1,8431.1
1770,0,1769,11.421875,13.553646,1,8438.5
1771,0,1770,6.375000,13.549592,1,8441.1
1772,0,1771,19.843750,13.553144,1,8448.8
1773,0,1772,18.515625,13.555943,1,8451.4
1774,0,1773,10.109375,13.554000,1,8458.3
1775,0,1774,11.015625,13.552570,1,8460.9
1776,0,1775,8.343750,13.549638,1,8468.2
1777,0,1776,17.468750,13.551843,1,8470.8
1778,0,1777,18.531250,13.554644,1,8477.3
1779,0,1778,17.875000,13.557072,1,8479.9
1780,0,1779,8.039062,13.553972,1,8484.4
1781,0,1780,18.218750,13.556591,1,8487.0
1782,0,1781,10.101562,13.554652,1,8493.9
1783,0,1782,14.152344,13.554988,1,8496.5
1784,0,1783,14.101562,13.555294,1,8501.0
1785,0,1784,9.125000,13.552812,1,8503.7
1786,0,1785,12.500000,13.552223,1,8509.9
1787,0,1786,16.250000,13.553732,1,8513.4
1788,0,1787,19.625000,13.557128,1,8518.4
1789,0,1788,9.078125,13.554624,1,8523.4
1790,0,1789,13.539062,13.554615,1,8528.0
1791,0,1790,13.656250,13.554672,1,8532.3
1792,0,1791,23.562500,13.560257,1,8536.4
1793,0,1792,12.421875,13.559622,1,8541.8
1794,0,1793,5.789062,13.555291,1,8544.4
1795,0,1794,17.796875,13.557654,1,8549.5
1796,0,1795,12.406250,13.557013,1,8552.2
1797,0,1796,8.125000,13.553990,1,8558.3
1798,0,1797,11.828125,13.553030,1,8560.9
1799,0,1798,11.703125,13.552002,1,8566.5
1800,0,1799,11.515625,13.550870,1,8570.0
1801,0,1800,9.460938,13.548599,1,8577.3
1802,0,1801,16.093750,13.550012,1,8580.4
1803,0,1802,15.531250,13.551111,1,8586.6
1804,0,1803,15.500000,13.552191,1,8589.2
1805,0,1804,9.562500,13.549981,1,8595.4
1806,0,1805,12.281250,13.549278,1,8598.1
1807,0,1806,12.750000,13.548836,1,8604.5
1808,0,1807,17.234375,13.550874,1,8607.5
1809,0,1808,8.203125,13.547918,1,8613.9
1810,0,1809,8.125000,13.544922,1,8616.6
1811,0,1810,9.484375,13.542680,1,8624.2
1812,0,1811,8.789062,13.540056,1,8626.8
1813,0,1812,8.812500,13.537449,1,8634.3
1814,0,1813,8.343750,13.534586,1,8637.0
1815,0,1814,9.117188,13.532152,1,8644.3
1816,0,1815,9.351562,13.529850,1,8646.9
1817,0,1816,8.781250,13.527236,1,8654.2
1818,0,1817,18.562500,13.530006,1,8656.8
1819,0,1818,15.140625,13.530891,1,8663.7
1820,0,1819,11.453125,13.529750,1,8666.3
1821,0,1820,12.312500,13.529081,1,8672.1
1822,0,1821,20.000000,13.532633,1,8674.8
1823,0,1822,13.218750,13.532461,1,8681.4
1824,0,1823,11.007812,13.531077,1,8684.1
1825,0,1824,9.656250,13.528953,1,8691.9
1826,0,1825,7.296875,13.525540,1,8694.5
1827,0,1826,10.281250,13.523765,1,8702.5
1828,0,1827,24.187500,13.529598,1,8705.1
1829,0,1828,19.343750,13.532777,1,8710.1
1830,0,1829,12.671875,13.532307,1,8712.8
1831,0,1830,10.953125,13.530898,1,8719.2
1832,0,1831,10.460938,13.529222,1,8721.8
1833,0,1832,12.406250,13.528610,1,8729.5
1834,0,1833,9.437500,13.526379,1,8732.2
1835,0,1834,16.718750,13.528119,1,8739.3
1836,0,1835,5.898438,13.523963,1,8741.9
1837,0,1836,16.203125,13.525421,1,8748.8
1838,0,1837,10.343750,13.523690,1,8751.5
1839,0,1838,9.500000,13.521502,1,8757.4
1840,0,1839,8.804688,13.518939,1,8760.0
1841,0,1840,13.062500,13.518691,1,8765.9
1842,0,1841,15.437500,13.519733,1,8768.5
1843,0,1842,9.343750,13.517467,1,8775.4
1844,0,1843,10.843750,13.516017,1,8778.1
1845,0,1844,17.468750,13.518159,1,8784.0
1846,0,1845,18.937500,13.521095,1,8786.6
1847,0,1846,14.609375,13.521684,1,8792.8
1848,0,1847,9.500000,13.519508,1,8795.4
1849,0,1848,19.328125,13.522649,1,8802.3
1850,0,1849,8.593750,13.519985,1,8805.4
1851,0,1850,8.398438,13.517218,1,8811.2
1852,0,1851,15.148438,13.518099,1,8814.9
1853,0,1852,11.125000,13.516808,1,8819.9
1854,0,1853,11.562500,13.515754,1,8824.1
1855,0,1854,18.031250,13.518188,1,8829.4
1856,0,1855,18.296875,13.520762,1,8834.8
1857,0,1856,8.234375,13.517916,1,8839.6
1858,0,1857,17.406250,13.520008,1,8844.1
1859,0,1858,12.796875,13.519620,1,8848.0
1860,0,1859,13.140625,13.519416,1,8853.1
1861,0,1860,15.109375,13.520270,1,8856.8
1862,0,1861,13.953125,13.520503,1,8862.3
1863,0,1862,13.203125,13.520332,1,8865.9
1864,0,1863,11.234375,13.519106,1,8871.8
1865,0,1864,12.406250,13.518509,1,8876.9
1866,0,1865,13.546875,13.518524,1,8880.3
1867,0,1866,20.906250,13.522481,1,8887.0
1868,0,1867,10.664062,13.520951,1,8889.6
1869,0,1868,11.687500,13.519970,1,8895.9
1870,0,1869,8.593750,13.517336,1,8898.6
1871,0,1870,5.453125,13.513026,1,8905.2
1872,0,1871,7.437500,13.509780,1,8907.8
1873,0,1872,12.484375,13.509233,1,8913.4
1874,0,1873,8.687500,13.506660,1,8916.0
1875,0,1874,12.562500,13.506156,1,8922.4
1876,0,1875,7.960938,13.503200,1,8925.1
1877,0,1876,9.929688,13.501297,1,8932.4
1878,0,1877,13.359375,13.501221,1,8935.1
1879,0,1878,15.468750,13.502268,1,8941.6
1880,0,1879,10.406250,13.500621,1,8944.2
